Age,DistanceFromHome,EmployeeNumber,EnvironmentSatisfaction,Gender,HourlyRate,JobInvolvement,JobLevel,MaritalStatus,MonthlyIncome,NumCompaniesWorked,OverTime,PercentSalaryHike,PerformanceRating,RelationshipSatisfaction,StandardHours,StockOptionLevel,TotalWorkingYears,TrainingTimesLastYear,WorkLifeBalance,YearsAtCompany,YearsInCurrentRole,YearsSinceLastPromotion,YearsWithCurrManager,JobSatisfaction
41,1,1,2,0,94,3,2,0,5993,8,1,11,3,1,80,0,8,0,1,6,4,0,5,4
49,8,2,3,1,61,2,2,1,5130,1,0,23,4,4,80,1,10,3,3,10,7,1,7,2
37,2,4,4,1,92,2,1,0,2090,6,1,15,3,2,80,0,7,3,3,0,0,0,0,3
33,3,5,4,0,56,3,1,1,2909,1,1,11,3,3,80,0,8,3,3,8,7,3,0,3
27,2,7,1,1,40,3,1,1,3468,9,0,12,3,4,80,1,6,3,3,2,2,2,2,2
32,2,8,4,1,79,3,1,0,3068,0,0,13,3,3,80,0,8,2,2,7,7,3,6,4
59,3,10,3,0,81,4,1,1,2670,4,1,20,4,1,80,3,12,3,2,1,0,0,0,1
30,24,11,4,1,67,3,1,2,2693,1,0,22,4,2,80,1,1,2,3,1,0,0,0,3
38,23,12,4,1,44,2,3,0,9526,0,0,21,4,2,80,0,10,2,3,9,7,1,8,3
36,27,13,3,1,94,3,2,1,5237,6,0,13,3,2,80,2,17,3,2,7,7,7,7,3
35,16,14,1,1,84,4,1,1,2426,0,0,13,3,3,80,1,6,5,3,5,4,0,3,2
29,15,15,4,0,49,2,2,0,4193,0,1,12,3,4,80,0,10,3,3,9,5,0,8,3
31,26,16,1,1,31,3,1,2,2911,1,0,17,3,4,80,1,5,1,2,5,2,4,3,3
34,19,18,2,1,93,3,1,2,2661,0,0,11,3,3,80,1,3,2,3,2,2,1,2,4
28,24,19,3,1,50,2,1,0,2028,5,1,14,3,2,80,0,6,4,3,4,2,0,3,3
29,21,20,2,0,51,4,3,2,9980,1,0,11,3,3,80,1,10,1,3,10,9,8,8,1
32,5,21,1,1,80,4,1,2,3298,0,1,12,3,4,80,2,7,5,2,6,2,0,5,2
22,16,22,4,1,96,4,1,2,2935,1,1,13,3,2,80,2,1,2,2,1,0,0,0,4
53,2,23,1,0,78,2,4,1,15427,2,0,16,3,3,80,0,31,3,3,25,8,3,7,4
38,2,24,4,1,45,3,1,0,3944,5,1,11,3,3,80,0,6,3,3,3,2,1,2,4
24,11,26,1,0,96,4,2,2,4011,0,0,18,3,4,80,1,5,5,2,4,2,1,3,3
36,9,27,3,1,82,2,1,0,3407,7,0,23,4,2,80,0,10,4,3,5,3,0,3,1
34,7,28,1,0,53,3,3,0,11994,0,0,11,3,3,80,0,13,4,3,12,6,2,11,2
21,15,30,3,1,96,3,1,0,1232,1,0,14,3,4,80,0,0,6,3,0,0,0,0,4
34,6,31,2,1,83,3,1,0,2960,2,0,11,3,3,80,0,8,2,3,4,2,1,3,1
53,5,32,3,0,58,3,5,2,19094,4,0,11,3,4,80,1,26,3,2,14,13,4,8,3
32,16,33,2,0,72,1,1,0,3919,1,1,22,4,2,80,0,10,5,3,10,2,6,7,1
42,8,35,3,1,48,3,2,1,6825,0,0,11,3,4,80,1,10,2,3,9,7,4,2,2
44,7,36,1,0,42,2,3,1,10248,3,0,14,3,4,80,1,24,4,3,22,6,5,17,4
46,2,38,2,0,83,3,5,0,18947,3,0,12,3,4,80,0,22,2,2,2,2,2,1,1
33,2,39,3,1,78,3,1,0,2496,4,0,11,3,4,80,0,7,3,3,1,1,0,0,4
44,10,40,4,1,41,3,2,1,6465,2,1,13,3,4,80,0,9,5,4,4,2,1,3,4
30,9,41,4,1,83,2,1,0,2206,1,0,13,3,1,80,0,10,5,3,10,0,1,8,3
39,5,42,4,1,56,3,2,1,2086,3,0,14,3,3,80,1,19,6,4,1,0,0,0,4
24,1,45,2,1,61,3,1,1,2293,2,1,16,3,1,80,1,6,2,2,2,0,2,0,4
43,2,46,4,0,72,4,1,2,2645,1,0,12,3,4,80,2,6,3,2,5,3,1,4,3
50,3,47,1,1,86,2,1,1,2683,1,1,14,3,3,80,0,3,2,3,3,2,0,2,3
35,2,49,4,0,97,3,1,1,2014,1,0,13,3,1,80,0,2,3,3,2,2,2,2,4
36,5,51,2,0,82,2,1,1,3419,9,1,14,3,4,80,1,6,3,4,1,1,0,0,1
33,1,52,3,0,42,4,2,1,5376,2,0,19,3,1,80,2,10,3,3,5,3,1,3,1
35,4,53,3,1,75,3,1,2,1951,1,0,12,3,3,80,1,1,3,3,1,0,0,0,4
27,2,54,4,0,33,3,1,2,2341,1,0,13,3,4,80,1,1,6,3,1,0,0,0,1
26,25,55,1,1,48,1,1,0,2293,1,0,12,3,3,80,0,1,2,2,1,0,0,1,3
27,8,56,4,1,37,3,3,0,8726,1,0,15,3,4,80,0,9,0,3,9,8,1,7,3
30,1,57,3,0,58,3,2,0,4011,1,0,23,4,4,80,0,12,2,3,12,8,3,7,4
41,12,58,2,0,49,3,5,1,19545,1,0,12,3,4,80,0,23,0,3,22,15,15,8,3
34,23,60,2,1,72,3,2,0,4568,0,0,20,4,3,80,0,10,2,3,9,5,8,7,3
37,19,61,2,1,73,3,1,1,3022,4,0,21,4,1,80,0,8,1,3,1,0,0,0,2
46,5,62,1,1,98,3,2,0,5772,4,1,21,4,3,80,0,14,4,3,9,6,0,8,4
35,8,63,4,1,36,4,1,1,2269,1,0,19,3,4,80,0,1,2,3,1,0,0,1,4
48,1,64,1,1,98,2,3,0,5381,9,1,13,3,4,80,0,23,2,3,1,0,0,0,3
28,5,65,3,1,50,3,1,0,3441,1,1,13,3,3,80,0,2,3,2,2,2,2,2,3
44,1,68,2,0,75,3,2,2,5454,5,1,21,4,3,80,1,9,2,2,4,3,1,3,1
35,11,70,3,1,79,2,3,1,9884,2,1,13,3,3,80,1,10,3,3,4,0,2,3,1
26,23,72,3,0,47,2,2,1,4157,7,1,19,3,3,80,1,5,2,2,2,2,0,0,4
33,1,73,1,0,98,3,3,0,13458,1,1,12,3,3,80,0,15,1,3,15,14,8,12,4
35,18,74,2,1,71,3,3,1,9069,1,0,22,4,4,80,1,9,3,2,9,8,1,8,1
35,23,75,3,0,30,3,1,1,4014,3,1,15,3,3,80,1,4,3,3,2,2,2,2,1
31,7,76,4,1,48,3,2,2,5915,3,0,22,4,4,80,1,10,3,2,7,7,1,7,4
37,1,77,1,1,51,2,2,2,5993,1,0,18,3,3,80,1,7,2,4,7,5,0,7,3
32,1,78,1,1,33,3,2,1,6162,1,1,22,4,2,80,1,9,3,3,9,8,7,8,4
38,29,79,4,0,50,3,2,0,2406,1,0,11,3,4,80,0,10,2,3,10,3,9,9,4
50,7,80,2,0,43,2,5,2,18740,5,1,12,3,4,80,1,29,2,2,27,3,13,8,3
59,25,81,1,0,99,3,3,0,7637,7,0,11,3,4,80,0,28,3,2,21,16,7,9,1
36,8,83,3,0,59,3,3,2,10096,1,0,13,3,2,80,3,17,2,3,17,14,12,8,3
55,8,84,4,0,33,3,4,2,14756,2,1,14,3,3,80,3,21,2,3,5,0,0,2,3
36,11,85,2,1,95,2,2,0,6499,1,0,13,3,3,80,0,6,3,3,6,5,0,3,2
45,7,86,2,1,59,3,3,2,9724,2,0,17,3,3,80,1,25,2,3,1,0,0,0,1
35,1,88,2,1,79,3,1,1,2194,4,0,13,3,4,80,1,5,2,2,3,2,1,2,1
36,9,90,4,1,79,2,1,1,3388,0,1,17,3,1,80,1,2,0,2,1,0,0,0,3
59,1,91,1,0,57,2,2,0,5473,7,0,11,3,4,80,0,20,2,2,4,3,1,3,3
29,2,94,3,1,76,3,1,1,2703,0,0,23,4,4,80,1,6,3,3,5,4,0,4,2
31,1,95,3,1,87,3,1,0,2501,1,0,17,3,2,80,0,1,4,3,1,1,1,0,2
32,1,96,2,1,66,3,2,1,6220,1,0,17,3,2,80,2,10,3,3,10,4,0,9,2
36,6,97,2,0,55,4,1,1,3038,3,0,12,3,2,80,0,5,3,3,1,0,0,0,4
31,8,98,3,0,61,3,2,0,4424,1,0,23,4,4,80,0,11,2,3,11,7,1,8,4
35,1,100,3,1,32,2,2,0,4312,0,0,14,3,2,80,0,16,2,3,15,13,2,8,1
45,6,101,4,1,52,3,3,1,13245,4,1,14,3,2,80,0,17,3,4,0,0,0,0,1
37,7,102,1,1,30,3,3,0,13664,4,0,13,3,1,80,0,16,3,4,5,2,0,2,3
46,5,103,2,1,80,3,2,2,5021,8,1,22,4,4,80,1,16,2,3,4,2,0,2,2
30,1,104,4,1,55,2,2,1,5126,1,1,12,3,3,80,2,10,1,2,10,8,3,0,4
35,1,105,2,1,30,2,1,0,2859,1,0,18,3,1,80,0,6,3,3,6,4,0,4,3
55,1,106,1,1,70,3,3,1,10239,3,0,14,3,4,80,1,24,4,3,1,0,1,0,4
38,6,107,2,0,79,1,2,2,5329,7,1,12,3,4,80,3,17,3,3,13,11,1,9,4
34,1,110,1,1,94,3,2,1,4325,1,0,15,3,3,80,0,5,2,3,5,2,1,3,2
56,7,112,4,1,49,1,3,0,7260,4,0,11,3,1,80,0,37,3,2,6,4,0,2,4
23,2,113,3,1,62,3,1,2,2322,3,0,13,3,3,80,1,3,3,3,0,0,0,0,1
51,9,116,4,1,96,3,1,1,2075,3,0,23,4,2,80,2,10,4,3,4,2,0,3,4
30,2,117,3,1,99,2,2,1,4152,1,0,19,3,1,80,3,11,3,3,11,10,10,8,4
46,9,118,3,1,64,2,3,0,9619,1,0,16,3,4,80,0,9,3,3,9,8,4,7,4
40,1,119,3,1,78,2,4,1,13503,1,0,22,4,4,80,1,22,3,2,22,3,11,11,2
51,21,120,3,1,71,3,2,0,5441,0,1,22,4,4,80,0,11,2,1,10,7,1,0,4
30,4,121,3,0,63,2,2,2,5209,1,1,12,3,2,80,3,11,4,2,11,8,2,7,2
46,1,124,3,1,40,2,3,1,10673,2,1,13,3,3,80,1,21,5,2,10,9,9,5,1
32,6,125,2,1,87,3,2,0,5010,1,0,16,3,1,80,0,12,0,3,11,8,5,7,3
54,2,126,1,0,60,3,3,1,13549,9,0,12,3,1,80,1,16,5,1,4,3,0,3,3
24,3,128,1,0,33,3,2,1,4999,0,0,21,4,1,80,1,4,2,2,3,2,0,2,3
28,4,129,2,1,43,3,2,1,4221,1,0,15,3,2,80,0,5,3,4,5,4,0,4,3
58,10,131,4,1,37,3,4,0,13872,0,0,13,3,3,80,0,38,1,2,37,10,1,8,3
44,23,132,2,1,67,3,2,1,2042,4,0,12,3,3,80,1,17,3,4,3,2,1,2,2
37,6,133,3,1,63,3,1,2,2073,4,1,22,4,4,80,0,7,3,3,3,2,0,2,1
32,1,134,4,1,71,3,1,0,2956,1,0,13,3,4,80,0,1,2,3,1,0,0,0,1
20,6,137,4,0,66,2,1,0,2926,1,1,18,3,2,80,0,1,5,3,1,0,1,0,4
34,6,138,1,0,41,3,2,0,4809,1,0,14,3,3,80,0,16,3,3,16,13,2,10,3
37,2,139,3,1,100,2,2,2,5163,5,0,14,3,4,80,1,17,2,4,1,0,0,0,4
59,2,140,3,0,32,2,5,1,18844,9,0,21,4,4,80,1,30,3,3,3,2,2,2,4
50,1,141,1,0,73,3,5,1,18172,3,1,19,3,1,80,0,28,1,2,8,3,0,7,2
25,5,142,3,1,46,2,2,0,5744,1,1,11,3,4,80,0,6,1,3,6,4,0,3,3
25,7,143,4,1,64,2,1,1,2889,1,0,11,3,3,80,2,2,2,3,2,2,2,1,4
22,15,144,2,0,59,3,1,0,2871,1,0,15,3,3,80,0,1,5,3,0,0,0,0,4
51,1,145,1,0,30,2,3,0,7484,3,0,20,4,3,80,0,23,1,2,13,12,12,8,1
34,7,147,1,1,66,1,2,0,6074,1,1,24,4,4,80,0,9,3,3,9,7,0,6,3
54,26,148,4,0,30,4,4,0,17328,2,1,12,3,3,80,0,23,3,3,5,3,4,4,4
24,18,150,2,1,52,3,1,1,2774,0,0,12,3,3,80,1,6,2,3,5,3,1,2,3
34,6,151,3,0,45,2,2,2,4505,6,0,15,3,3,80,1,12,3,3,1,0,0,0,2
37,3,152,3,1,87,3,3,0,7428,2,0,12,3,1,80,0,12,3,3,5,3,1,3,4
34,5,153,3,0,45,2,3,0,11631,2,0,12,3,4,80,0,14,6,3,11,10,5,8,1
36,11,154,2,0,92,3,3,1,9738,0,0,14,3,3,80,1,10,6,3,9,7,2,8,4
36,3,155,1,0,39,3,1,2,2835,5,0,22,4,1,80,1,7,2,3,1,0,0,0,4
43,26,158,3,1,92,3,4,1,16959,1,1,12,3,4,80,2,25,3,4,25,12,4,12,4
30,23,159,1,1,96,1,1,2,2613,1,0,25,4,3,80,3,10,2,2,10,7,0,9,3
33,22,160,3,1,95,3,2,1,6146,0,0,13,3,1,80,1,8,2,4,7,7,0,7,2
56,14,161,2,0,72,3,1,1,4963,9,1,18,3,1,80,3,7,2,3,5,4,4,3,2
51,6,162,1,1,51,3,5,0,19537,7,0,13,3,3,80,0,23,5,3,20,18,15,15,3
31,6,163,2,1,76,1,2,1,6172,4,1,18,3,2,80,0,12,3,2,7,7,7,7,3
26,6,164,3,0,46,2,1,1,2368,1,0,19,3,3,80,0,5,3,2,5,4,4,3,2
58,23,165,4,0,94,3,3,1,10312,1,0,12,3,4,80,1,40,3,2,40,10,15,6,4
19,22,167,4,1,50,3,1,0,1675,1,1,19,3,4,80,0,0,2,2,0,0,0,0,3
22,2,169,3,1,100,3,1,1,2523,0,0,14,3,3,80,1,3,2,3,2,1,2,1,4
49,20,170,3,0,96,3,2,1,6567,1,0,14,3,3,80,0,16,2,2,15,11,5,11,1
43,28,171,2,0,72,4,1,0,4739,4,0,12,3,4,80,0,18,2,3,3,2,1,2,3
50,12,174,3,0,77,3,3,0,9208,4,0,11,3,4,80,0,16,3,3,2,2,2,1,4
31,20,175,2,0,71,1,2,1,4559,3,1,11,3,3,80,1,4,2,3,2,2,2,2,3
41,9,176,3,1,96,3,3,2,8189,3,1,13,3,3,80,1,12,2,3,9,7,0,7,3
26,25,177,3,0,61,3,1,1,2942,1,0,23,4,4,80,1,8,3,3,8,7,5,7,3
36,6,178,2,1,84,3,2,2,4941,6,0,20,4,4,80,2,7,0,3,3,2,0,1,2
51,8,179,1,1,53,1,3,0,10650,2,0,15,3,4,80,0,18,2,3,4,2,0,3,4
39,4,182,4,0,47,2,2,1,5902,4,0,14,3,3,80,1,17,1,4,15,11,5,9,3
25,28,183,1,1,41,2,2,1,8639,2,0,18,3,4,80,0,6,3,3,2,2,2,2,3
30,9,184,3,1,48,3,2,1,6347,0,1,19,3,4,80,0,12,2,1,11,9,4,7,4
32,9,190,1,0,41,3,1,0,4200,7,0,22,4,1,80,0,10,2,4,5,4,0,4,1
45,29,192,3,1,83,3,1,0,3452,5,0,13,3,2,80,0,9,2,2,6,5,0,3,4
38,3,193,4,0,32,3,2,0,4317,3,1,20,4,2,80,0,19,2,3,3,2,2,2,3
30,18,194,1,0,75,3,1,0,2632,1,0,14,3,3,80,0,5,4,2,5,4,0,4,3
32,9,195,4,1,35,1,2,2,4668,0,0,17,3,4,80,3,9,2,4,8,7,0,7,4
30,5,197,4,0,84,3,1,2,3204,5,0,14,3,4,80,1,8,3,3,3,2,2,2,1
30,2,198,2,1,35,2,1,0,2720,0,0,13,3,4,80,0,6,3,3,5,3,1,2,4
41,10,199,4,1,91,2,4,2,17181,4,0,13,3,2,80,1,21,2,2,7,6,7,7,1
41,9,200,3,1,94,3,1,1,2238,2,0,21,4,4,80,1,7,2,3,5,0,1,4,1
19,3,201,2,0,79,3,1,0,1483,1,0,14,3,4,80,0,1,3,3,1,0,0,0,2
40,26,202,2,0,54,3,2,2,5605,1,0,11,3,1,80,1,20,2,3,20,7,2,13,2
35,1,204,3,1,94,3,3,1,7295,1,0,13,3,1,80,2,10,3,3,10,8,0,6,2
53,6,205,2,1,34,3,2,1,2306,2,1,20,4,4,80,1,13,3,1,7,7,4,5,3
45,9,206,2,1,60,3,2,2,2348,8,0,18,3,3,80,1,20,2,1,17,9,0,15,2
32,8,207,2,0,43,3,3,0,8998,1,0,14,3,4,80,0,9,2,3,9,8,3,7,4
29,1,208,4,1,41,3,2,1,4319,1,0,13,3,1,80,1,10,1,3,10,7,0,9,3
51,7,211,2,1,34,2,2,1,6132,2,0,17,3,3,80,0,10,2,3,1,0,0,0,3
58,9,214,2,0,75,2,1,1,3346,4,1,20,4,2,80,1,9,3,2,1,0,0,0,2
40,4,215,3,1,67,2,3,1,10855,7,0,11,3,1,80,1,15,2,2,12,11,2,11,4
34,2,216,3,0,75,3,1,1,2231,6,0,18,3,4,80,1,6,3,3,4,3,1,2,3
22,19,217,3,1,80,3,1,1,2323,1,0,24,4,1,80,2,2,6,3,2,2,2,2,4
27,9,218,4,1,57,3,1,2,2024,6,0,18,3,4,80,1,6,1,1,2,2,2,2,2
28,21,221,3,1,42,3,1,1,2713,1,0,11,3,3,80,1,5,2,1,5,2,0,2,4
57,24,223,3,1,83,4,3,2,9439,3,1,16,3,2,80,1,12,2,1,5,3,1,4,4
27,3,224,3,1,79,2,1,2,2566,1,1,15,3,4,80,1,1,2,2,1,1,0,1,3
50,11,226,3,0,53,3,5,0,19926,3,0,15,3,2,80,0,21,5,3,5,4,4,4,2
41,14,227,1,1,56,3,1,2,2451,4,0,12,3,1,80,1,13,2,3,9,8,1,8,3
30,5,228,2,0,41,3,3,1,9419,2,0,12,3,3,80,1,12,2,3,10,9,7,4,4
38,1,230,1,0,59,2,2,0,8686,4,0,22,4,3,80,0,12,2,4,8,3,0,7,4
32,6,231,3,1,43,3,1,0,3038,3,0,20,4,1,80,0,8,2,3,5,4,1,4,3
27,17,233,3,1,51,3,1,1,3058,0,1,16,3,4,80,1,6,3,2,5,2,1,1,2
19,1,235,3,0,100,1,1,0,2325,0,0,21,4,1,80,0,1,5,4,0,0,0,0,1
36,3,238,4,1,30,3,1,0,2088,4,0,12,3,3,80,0,13,3,2,8,7,7,2,2
30,9,239,3,1,66,3,2,2,3072,1,0,11,3,3,80,2,12,4,3,12,9,6,10,1
45,4,240,3,0,30,3,2,2,5006,4,1,11,3,1,80,1,9,3,4,5,4,0,3,1
56,8,241,3,0,67,3,1,2,4257,4,1,18,3,3,80,1,19,3,3,2,2,2,2,1
33,2,242,3,1,90,3,1,0,2500,0,0,14,3,1,80,0,4,2,4,3,1,0,2,4
19,2,243,2,1,47,2,1,0,1102,1,0,22,4,3,80,0,1,3,2,1,0,1,0,4
46,1,244,2,0,92,3,3,2,10453,1,0,25,4,3,80,3,24,2,3,24,13,15,7,1
38,9,245,3,0,75,3,1,0,2288,1,0,12,3,3,80,0,2,3,3,2,2,2,1,4
31,12,246,3,0,95,3,1,1,3929,8,1,23,4,3,80,1,7,0,3,4,2,0,2,4
34,27,247,4,0,95,3,1,0,2311,2,0,15,3,4,80,0,9,3,3,3,2,1,2,2
41,20,248,2,0,70,3,1,0,3140,1,1,22,4,4,80,0,4,5,2,4,3,0,2,2
50,1,249,3,1,86,2,1,1,3690,2,0,15,3,4,80,1,5,2,2,3,2,0,2,3
53,13,250,4,0,57,4,2,2,4450,1,0,11,3,3,80,2,5,3,3,4,2,1,3,1
33,14,252,4,0,72,3,1,1,2756,1,0,13,3,4,80,1,8,5,3,8,7,1,6,2
40,4,253,4,0,46,3,5,1,19033,1,0,14,3,2,80,1,21,2,3,20,8,9,9,3
55,14,254,3,1,61,4,5,0,18722,8,0,11,3,4,80,0,36,3,3,24,15,2,15,2
34,2,256,4,1,45,2,2,1,9547,1,0,17,3,3,80,0,10,2,2,10,9,1,9,3
51,3,258,4,0,98,3,4,0,13734,3,0,18,3,3,80,0,21,6,3,7,7,1,0,2
52,1,259,3,1,65,2,5,1,19999,0,0,14,3,1,80,1,34,5,3,33,18,11,9,3
27,9,260,4,0,99,3,1,0,2279,1,0,16,3,4,80,0,7,2,2,7,7,0,3,2
35,23,261,2,1,50,2,2,1,5916,3,1,13,3,1,80,0,8,1,3,1,0,0,1,3
43,7,262,4,1,37,4,1,2,2089,4,0,14,3,4,80,3,7,3,4,5,4,2,2,4
45,2,264,1,1,65,2,4,1,16792,9,0,23,4,4,80,1,22,1,3,20,8,11,8,4
37,21,267,2,1,65,4,1,1,3564,1,1,12,3,1,80,1,8,3,2,8,7,1,7,1
35,2,269,2,0,37,3,2,0,4425,5,0,11,3,4,80,0,10,5,3,6,2,1,2,2
42,21,270,3,0,36,3,2,2,5265,2,0,16,3,2,80,1,11,5,3,5,3,0,2,3
38,2,271,4,1,88,3,2,1,6553,9,0,14,3,2,80,0,14,3,3,1,0,0,0,3
38,29,273,4,1,54,3,2,1,6261,3,0,18,3,1,80,1,9,3,1,7,7,1,7,4
27,1,274,3,1,60,2,2,1,4298,5,0,19,3,3,80,1,6,1,3,2,2,2,0,1
49,18,275,4,1,92,3,2,2,6804,1,1,15,3,1,80,2,7,0,3,7,7,1,7,4
34,10,277,4,1,43,3,1,2,3815,1,1,17,3,4,80,1,5,4,4,5,3,2,0,3
40,19,281,3,1,99,3,2,1,2741,8,1,15,3,3,80,1,15,2,4,7,2,3,7,4
38,29,282,2,1,70,3,2,1,6673,7,1,19,3,2,80,0,17,2,3,1,0,0,0,1
29,27,283,2,0,35,3,3,1,7639,1,0,22,4,4,80,3,10,3,2,10,4,1,9,4
22,5,284,4,1,60,4,1,2,2328,1,1,16,3,1,80,1,4,2,2,4,2,2,2,2
36,18,286,2,0,73,3,1,0,2153,1,0,13,3,1,80,0,8,2,3,8,1,1,7,4
40,9,287,4,1,63,2,2,1,4876,9,0,14,3,4,80,1,5,5,1,3,2,0,2,4
46,1,288,4,1,97,3,3,2,9396,7,0,16,3,3,80,1,17,3,3,4,2,0,3,1
32,4,291,4,1,32,1,3,1,10400,1,0,11,3,3,80,0,14,2,2,14,8,9,8,4
30,1,292,3,1,88,2,3,0,8474,1,0,22,4,3,80,0,12,2,3,11,8,5,8,3
27,20,293,4,0,90,3,2,0,9981,1,0,14,3,4,80,0,7,2,3,7,7,0,7,3
51,8,296,2,1,81,2,3,1,12490,5,0,16,3,4,80,2,16,5,1,10,9,4,7,2
30,3,297,4,0,88,3,1,0,2657,5,1,11,3,3,80,0,8,5,3,5,2,0,4,1
41,6,298,4,0,75,3,3,0,13591,3,1,18,3,3,80,0,16,3,3,1,0,0,0,4
30,26,299,3,0,52,2,2,0,6696,5,0,15,3,3,80,0,9,5,2,6,3,0,1,1
29,1,300,3,1,85,3,1,0,2058,0,0,14,3,4,80,0,7,1,2,6,2,1,5,3
45,6,302,4,0,57,2,3,0,8865,6,0,12,3,4,80,0,23,2,3,19,7,12,8,4
54,3,303,4,0,52,3,2,1,5940,2,0,14,3,4,80,1,16,4,3,6,2,0,5,1
36,5,304,4,1,62,3,2,0,5914,8,0,16,3,4,80,0,16,3,4,13,11,3,7,2
33,4,305,3,0,47,2,1,1,2622,6,0,21,4,4,80,0,7,3,3,3,2,1,1,2
37,11,306,2,1,47,3,3,2,12185,1,1,14,3,3,80,3,10,1,3,10,8,0,7,4
38,3,307,1,1,76,3,3,2,10609,0,0,12,3,3,80,2,17,6,2,16,10,5,13,3
31,1,308,3,1,90,1,2,1,4345,0,0,12,3,4,80,1,6,2,3,5,4,1,4,3
59,3,309,3,1,70,2,1,1,2177,3,0,17,3,1,80,1,7,6,3,1,0,0,0,4
37,4,311,1,1,41,3,1,2,2793,4,0,17,3,3,80,1,13,2,3,9,8,5,8,4
29,1,312,2,0,42,3,3,1,7918,1,0,14,3,4,80,1,11,5,3,11,10,4,1,4
35,1,314,3,0,92,3,3,0,8789,1,0,14,3,1,80,0,10,3,4,10,7,0,8,3
29,18,315,3,1,86,2,1,0,2389,1,1,13,3,3,80,0,4,3,2,4,3,0,1,4
52,2,316,3,0,89,2,1,0,3212,7,0,15,3,2,80,0,6,3,2,2,2,2,2,4
42,4,319,3,1,58,3,5,1,19232,1,0,11,3,4,80,0,22,3,3,22,17,11,15,4
59,6,321,2,1,52,3,1,1,2267,8,0,17,3,4,80,0,7,2,2,2,2,2,2,3
50,1,323,4,0,68,3,5,2,19517,3,0,11,3,3,80,1,32,3,2,7,0,0,6,4
33,14,325,3,1,58,3,1,1,2436,5,1,13,3,3,80,1,8,2,1,5,4,0,4,4
43,16,327,4,0,80,3,4,1,16064,5,1,22,4,3,80,1,22,3,3,17,13,1,9,4
33,2,328,1,0,39,3,1,1,2707,7,0,20,4,1,80,0,13,3,4,9,7,1,7,1
52,2,329,1,1,79,2,5,0,19068,1,1,18,3,4,80,0,33,2,4,33,7,15,12,3
32,4,330,3,0,56,3,1,1,3931,2,0,11,3,1,80,1,6,5,3,4,3,1,2,2
32,1,331,4,1,62,2,1,0,3730,0,1,14,3,4,80,0,4,2,1,3,2,1,2,3
39,1,332,3,0,96,3,1,2,2232,7,0,14,3,3,80,3,7,1,3,3,2,1,2,3
32,26,333,3,1,100,3,2,1,4465,0,0,18,3,1,80,0,4,2,3,3,2,2,2,4
41,19,334,3,1,36,3,2,2,3072,2,0,16,3,1,80,2,17,2,2,1,0,0,0,1
40,24,335,1,1,62,3,2,2,3319,1,0,17,3,1,80,2,9,3,3,9,8,4,7,4
45,1,336,3,1,70,4,5,1,19202,0,0,11,3,3,80,1,25,2,3,24,0,1,7,4
31,3,337,2,1,73,3,3,2,13675,9,0,12,3,1,80,1,9,3,3,2,2,2,2,3
33,5,338,3,0,63,2,1,1,2911,1,0,13,3,3,80,1,2,2,2,2,2,0,2,4
34,2,339,4,1,84,2,2,1,5957,6,0,13,3,2,80,1,13,3,3,11,9,5,9,1
37,1,340,3,0,83,2,1,1,3920,2,0,14,3,1,80,1,17,2,2,3,1,0,2,1
45,7,341,1,1,77,4,2,1,6434,4,0,17,3,4,80,1,9,1,3,3,2,0,2,3
37,10,342,1,1,61,3,3,2,10048,6,0,11,3,2,80,2,17,5,3,1,0,0,0,3
39,2,343,3,0,64,3,3,0,10938,0,0,25,4,4,80,0,20,1,3,19,6,11,8,3
29,15,346,3,1,60,3,1,0,2340,1,0,19,3,1,80,0,6,1,3,6,5,1,5,4
42,17,347,4,0,82,4,2,0,6545,3,1,13,3,3,80,0,10,1,3,3,2,0,2,1
29,20,349,4,1,45,3,2,2,6931,2,0,14,3,4,80,1,10,2,3,3,2,0,2,4
25,1,350,1,0,62,3,2,1,4898,0,0,12,3,4,80,2,5,3,3,4,2,1,2,3
42,2,351,4,0,56,2,1,2,2593,0,1,11,3,3,80,1,10,4,3,9,6,7,8,1
40,2,352,1,1,49,3,5,2,19436,0,0,19,3,4,80,1,22,5,3,21,7,3,9,3
51,1,353,3,1,96,3,1,1,2723,1,0,11,3,2,80,0,1,0,2,1,0,0,0,4
31,29,355,3,1,71,2,1,0,3479,0,0,11,3,2,80,0,6,2,4,5,4,1,4,2
32,7,359,2,1,100,4,1,1,2794,1,0,20,4,3,80,0,5,3,1,5,1,0,3,2
38,2,361,4,1,39,2,2,1,5249,3,0,18,3,4,80,1,13,0,3,8,7,7,5,4
32,2,362,4,1,84,2,2,0,2176,4,0,13,3,4,80,0,9,5,3,6,2,0,4,1
46,2,363,3,0,75,1,4,1,16872,3,1,12,3,2,80,1,28,2,2,7,7,7,7,2
28,2,364,1,1,79,3,1,0,3485,2,0,11,3,3,80,0,5,5,1,0,0,0,0,3
29,2,366,1,1,78,2,2,1,6644,2,0,19,3,2,80,2,10,2,3,0,0,0,0,2
31,23,367,2,1,64,2,2,1,5582,0,0,21,4,2,80,1,10,2,3,9,0,7,8,4
25,5,369,2,1,85,4,2,2,4000,1,0,12,3,4,80,2,6,2,3,6,3,1,5,1
45,20,372,3,1,79,3,4,1,13496,0,1,14,3,2,80,0,21,2,3,20,7,4,10,4
36,6,373,4,1,47,3,1,1,3210,0,0,11,3,3,80,1,16,4,3,15,13,10,11,4
55,1,374,4,1,81,3,5,0,19045,0,1,14,3,3,80,0,37,2,3,36,10,4,13,1
47,29,376,1,1,88,3,3,1,11849,1,1,12,3,4,80,1,10,2,2,10,7,9,9,2
28,9,377,4,1,94,3,1,1,2070,1,0,23,4,4,80,1,5,3,2,5,2,0,4,4
37,6,378,3,1,98,3,2,1,6502,4,0,14,3,2,80,1,7,5,4,5,4,0,1,4
21,3,379,4,1,100,2,1,0,3230,1,0,17,3,1,80,0,3,4,4,3,2,1,0,3
37,1,380,1,0,80,3,3,2,13603,2,1,18,3,1,80,2,15,2,3,5,2,0,2,4
35,22,381,2,0,71,4,3,2,11996,7,0,18,3,2,80,1,10,6,2,7,7,6,2,2
38,7,382,1,0,44,4,2,2,5605,1,1,24,4,3,80,1,8,3,3,8,0,7,7,1
26,1,384,3,0,84,3,2,2,6397,1,0,20,4,1,80,1,6,6,1,6,5,1,4,2
50,4,385,1,1,96,3,5,2,19144,3,0,14,3,1,80,2,28,4,2,10,4,1,6,2
53,3,386,3,1,45,3,4,1,17584,3,1,16,3,4,80,3,21,5,2,5,3,1,3,3
42,1,387,2,1,99,3,2,1,4907,1,0,25,4,3,80,0,20,3,3,20,16,11,6,3
29,2,388,2,1,44,3,2,0,4554,1,0,18,3,1,80,0,10,3,2,10,7,0,9,4
55,20,389,2,1,37,3,2,1,5415,3,1,19,3,4,80,1,12,4,3,10,7,0,8,4
26,11,390,1,1,60,3,2,1,4741,1,1,13,3,3,80,1,5,3,3,5,3,3,3,1
37,1,391,4,0,42,3,1,0,2115,1,0,12,3,2,80,0,17,3,3,17,12,5,7,4
44,24,392,4,1,43,3,1,2,3161,3,1,22,4,4,80,1,19,0,1,1,0,0,0,3
38,23,393,4,1,82,3,2,2,5745,9,0,14,3,2,80,1,10,2,3,2,2,1,2,4
26,16,394,1,1,45,3,1,2,2373,2,1,13,3,4,80,1,5,2,3,3,2,0,2,2
28,8,395,4,0,66,3,1,0,3310,1,0,21,4,4,80,0,5,3,3,5,3,0,2,4
49,10,396,3,0,35,3,5,0,18665,9,1,11,3,4,80,0,22,4,3,3,2,1,2,1
36,3,397,3,1,30,3,2,0,4485,4,0,12,3,4,80,0,10,2,3,8,0,7,7,2
31,5,399,4,0,84,3,1,2,2789,1,0,11,3,3,80,1,2,5,2,2,2,2,2,2
26,4,401,4,1,48,2,2,0,5828,1,1,12,3,2,80,0,8,0,3,8,7,7,4,4
37,9,403,2,1,53,3,1,1,2326,1,1,12,3,3,80,3,4,3,2,4,2,1,2,4
42,26,404,3,0,77,3,4,1,13525,5,0,14,3,4,80,1,23,2,4,20,4,4,8,2
18,3,405,3,1,54,3,1,0,1420,1,0,13,3,3,80,0,0,2,3,0,0,0,0,3
35,16,406,3,1,96,3,3,1,8020,0,0,15,3,3,80,2,12,3,2,11,9,6,9,2
36,18,407,3,1,81,4,1,1,3688,4,0,18,3,4,80,2,4,2,3,1,0,0,0,4
51,2,408,4,1,84,1,2,2,5482,5,0,18,3,4,80,1,13,3,3,4,1,1,2,2
41,2,410,4,1,88,3,4,0,16015,1,0,19,3,2,80,0,22,2,3,22,10,0,4,2
18,10,411,4,0,69,2,1,0,1200,1,0,12,3,1,80,0,0,2,3,0,0,0,0,3
28,16,412,2,1,68,4,2,0,5661,0,0,19,3,3,80,0,9,2,3,8,3,0,7,1
31,7,416,2,1,100,4,2,1,6929,4,0,11,3,2,80,1,10,3,2,8,7,7,7,4
39,1,417,3,1,48,4,3,2,9613,0,0,17,3,1,80,3,19,5,2,18,10,3,7,4
36,24,419,2,0,47,3,2,1,5674,7,0,15,3,3,80,1,11,3,3,9,8,0,8,2
32,7,420,4,1,91,2,2,1,5484,1,0,14,3,3,80,1,13,3,2,13,8,4,8,3
38,25,421,1,0,81,2,3,1,12061,3,0,17,3,3,80,1,19,2,3,10,8,0,1,2
58,1,422,4,1,32,1,2,2,5660,2,1,13,3,4,80,1,12,2,3,5,3,1,2,3
31,5,423,3,1,86,3,1,1,4821,0,1,12,3,3,80,1,6,4,3,5,2,0,3,4
31,2,424,1,1,62,2,2,1,6410,3,0,12,3,4,80,0,9,1,3,2,2,1,0,1
45,7,425,1,1,97,3,3,2,5210,1,0,18,3,1,80,1,24,2,3,24,9,9,11,1
31,2,426,3,1,32,3,1,2,2695,0,1,18,3,2,80,1,3,2,1,2,2,2,2,4
33,5,428,4,0,74,3,3,1,11878,6,0,11,3,2,80,2,12,2,3,10,6,8,8,2
39,10,429,3,1,99,3,4,1,17068,1,1,14,3,4,80,0,21,3,3,21,9,11,10,1
43,10,430,3,0,33,3,1,0,2455,0,0,19,3,1,80,0,9,5,3,8,7,1,7,4
49,1,431,3,0,90,2,4,0,13964,7,1,12,3,4,80,0,25,2,3,7,1,0,7,3
52,8,433,3,1,85,2,2,1,4941,2,0,15,3,1,80,0,11,3,2,8,2,7,7,2
27,5,434,3,0,85,3,1,0,2478,1,1,12,3,2,80,0,4,2,2,4,3,1,2,2
32,8,436,3,0,65,2,2,1,5228,1,1,11,3,4,80,0,13,2,3,13,12,11,9,2
27,2,437,4,1,74,3,2,0,4478,1,1,11,3,1,80,0,5,3,3,5,4,0,4,3
31,7,438,4,1,73,3,2,2,7547,4,0,12,3,4,80,3,13,3,3,7,7,1,7,4
32,2,439,1,0,74,4,2,0,5055,7,0,16,3,3,80,0,10,0,2,7,7,0,7,4
28,2,440,1,1,84,1,1,1,3464,5,1,13,3,4,80,0,5,4,2,3,2,2,2,4
30,28,441,4,0,64,3,2,1,5775,1,0,13,3,4,80,2,11,2,3,10,8,1,9,4
31,7,442,3,0,48,2,3,1,8943,1,0,24,4,1,80,1,10,2,3,10,9,8,9,3
39,7,444,3,1,54,2,5,1,19272,1,0,15,3,1,80,1,21,2,3,21,9,13,3,4
39,3,445,4,0,41,3,2,1,5238,4,1,18,3,1,80,0,12,3,2,1,0,0,0,3
33,10,446,2,1,46,2,2,0,4682,3,0,14,3,3,80,0,9,6,2,7,7,0,1,4
47,5,447,4,1,42,3,5,1,18300,4,0,11,3,2,80,1,21,2,3,3,2,1,1,3
43,10,448,3,0,82,2,2,2,5257,1,0,11,3,2,80,1,9,3,4,9,7,0,0,3
27,1,449,3,1,73,3,2,1,6349,0,1,13,3,4,80,1,6,0,3,5,4,1,4,2
54,20,450,4,0,31,3,2,0,4869,3,0,12,3,4,80,0,20,4,2,4,3,0,3,3
43,7,451,3,0,43,3,3,1,9985,8,0,16,3,1,80,1,10,1,2,1,0,0,0,1
45,8,452,4,1,75,3,2,1,3697,9,0,14,3,1,80,2,12,3,3,10,9,9,8,4
40,1,453,2,1,57,1,2,1,7457,2,1,22,4,3,80,3,6,2,2,4,3,0,2,4
29,8,454,2,1,77,1,1,1,2119,1,1,11,3,4,80,0,7,4,2,7,7,0,7,1
29,9,455,2,1,30,2,1,0,3983,0,0,17,3,3,80,0,4,2,3,3,2,2,2,4
30,5,456,4,0,30,2,2,2,6118,1,0,13,3,3,80,3,10,2,3,10,9,1,2,3
27,8,458,2,0,56,3,2,1,6214,1,0,18,3,1,80,1,8,3,3,8,7,0,7,2
37,5,460,4,1,61,3,2,2,6347,7,0,16,3,3,80,2,8,2,2,6,2,0,4,4
38,15,461,3,1,92,2,3,2,11510,0,1,14,3,2,80,1,12,3,3,11,10,2,9,4
31,7,462,3,0,39,3,3,0,7143,1,1,14,3,3,80,0,11,2,2,11,9,4,10,4
29,10,463,4,0,39,2,2,2,8268,1,1,14,3,1,80,2,7,2,3,7,7,1,7,2
35,5,464,3,1,62,3,3,0,8095,0,0,13,3,4,80,0,17,5,3,16,6,0,13,2
23,26,465,3,1,83,3,1,2,2904,1,0,12,3,3,80,2,4,2,2,4,2,0,2,4
41,6,466,4,1,95,2,2,0,6032,6,1,15,3,4,80,0,8,3,3,5,4,1,2,2
47,4,467,2,1,99,3,2,0,2976,3,0,19,3,1,80,0,5,3,3,0,0,0,0,3
42,23,468,1,0,44,3,4,0,15992,2,0,14,3,2,80,0,16,2,3,1,0,0,0,4
29,2,469,4,1,61,3,2,1,4649,1,0,14,3,1,80,1,4,3,2,4,3,0,2,3
42,2,470,3,1,52,3,1,2,2696,0,1,11,3,3,80,1,4,5,3,3,2,1,0,3
32,2,471,3,0,75,3,1,1,2370,1,0,13,3,3,80,1,8,4,3,8,0,0,7,2
48,29,473,1,0,91,3,3,1,12504,3,0,21,4,2,80,1,15,3,1,0,0,0,0,3
37,6,474,3,1,51,4,2,2,5974,4,1,13,3,1,80,2,13,2,3,7,7,6,7,1
30,25,475,4,0,85,3,2,1,4736,7,1,12,3,2,80,1,4,2,4,2,2,2,2,3
26,1,476,3,1,57,3,2,1,5296,1,0,17,3,2,80,1,8,3,3,8,7,7,7,3
42,2,477,1,1,98,2,2,0,6781,3,0,23,4,2,80,0,14,6,3,1,0,0,0,4
21,1,478,1,0,99,2,1,0,2174,1,1,11,3,3,80,0,3,3,3,3,2,1,2,2
36,1,479,4,0,45,3,2,0,6653,4,0,15,3,2,80,0,7,6,3,1,0,0,0,4
36,3,481,1,1,48,2,3,1,9699,4,0,11,3,1,80,1,16,2,3,13,9,1,12,4
57,1,482,4,1,88,3,2,1,6755,2,0,11,3,3,80,0,15,2,3,3,2,1,2,3
40,10,483,4,0,46,4,1,1,2213,3,1,13,3,3,80,1,10,3,3,7,7,1,7,3
21,9,484,1,1,39,3,1,0,2610,1,0,24,4,3,80,0,3,3,2,3,2,2,2,4
33,5,485,4,0,34,3,1,0,2851,1,1,13,3,2,80,0,1,2,3,1,0,0,0,3
37,10,486,3,0,98,3,1,1,3452,6,0,20,4,2,80,1,17,3,3,5,4,0,3,1
46,7,487,3,0,30,3,2,1,5258,2,0,14,3,3,80,0,7,2,4,1,0,0,0,3
41,4,488,1,1,56,3,2,0,9355,1,0,18,3,3,80,0,8,5,3,8,7,7,7,2
50,10,491,4,1,100,2,3,0,10496,6,0,15,3,4,80,0,20,2,3,4,3,1,3,4
40,22,492,3,1,68,2,2,1,6380,2,1,12,3,1,80,2,8,6,3,6,4,1,0,3
31,9,493,3,1,42,2,1,0,2657,0,1,16,3,4,80,0,3,5,3,2,2,2,2,2
21,12,494,3,0,90,4,1,0,2716,1,0,15,3,4,80,0,1,0,3,1,0,0,0,2
29,23,495,4,1,54,3,1,0,2201,9,0,16,3,4,80,0,6,4,3,3,2,1,2,4
35,9,496,3,1,97,2,2,0,6540,9,0,19,3,3,80,0,10,5,3,1,1,0,0,2
27,1,497,4,1,82,3,1,2,3816,1,0,11,3,2,80,1,5,2,3,5,2,0,4,2
28,9,498,2,1,92,3,2,0,5253,1,0,16,3,4,80,0,7,1,3,7,5,0,7,4
49,7,499,2,1,31,2,3,0,10965,8,0,24,4,3,80,0,26,2,3,5,2,0,0,3
51,14,500,3,0,87,3,2,1,4936,4,0,11,3,3,80,1,18,2,2,7,7,0,7,4
36,2,501,4,0,96,3,1,1,2543,4,0,13,3,2,80,1,6,3,3,2,2,2,2,3
34,19,502,1,1,67,4,2,0,5304,8,1,13,3,2,80,0,9,3,2,5,2,0,4,4
55,2,505,3,0,97,3,4,0,16659,2,1,13,3,3,80,0,30,2,3,5,4,1,2,4
24,10,507,4,0,77,3,2,2,4260,1,1,12,3,4,80,1,5,2,4,5,2,0,3,3
30,2,508,3,1,72,3,1,1,2476,1,0,18,3,1,80,1,1,3,3,1,0,0,0,2
26,3,510,3,1,73,3,1,0,3102,0,0,22,4,3,80,0,7,2,3,6,4,0,4,1
22,11,511,1,0,43,3,1,1,2244,1,0,13,3,4,80,1,2,1,3,2,1,1,2,2
36,2,513,2,1,61,2,3,1,7596,1,0,13,3,2,80,2,10,2,3,10,9,9,0,3
30,4,514,3,1,40,3,1,0,2285,9,1,23,4,3,80,0,3,4,3,1,0,0,0,4
37,14,515,4,0,95,3,1,2,3034,1,0,12,3,3,80,1,18,2,2,18,7,12,17,1
40,2,516,4,0,46,3,2,2,5715,7,0,12,3,3,80,2,8,5,3,5,4,1,3,2
42,1,517,2,0,95,3,1,2,2576,3,0,16,3,2,80,1,8,5,3,5,2,1,2,1
37,10,518,3,1,49,3,2,0,4197,2,1,12,3,4,80,0,18,2,2,1,0,0,1,2
43,12,520,1,1,59,2,4,2,14336,1,0,11,3,3,80,1,25,3,3,25,10,3,9,2
40,2,521,2,0,78,2,2,1,3448,6,0,22,4,2,80,1,20,3,3,1,0,0,0,3
54,5,522,1,1,86,3,5,1,19406,4,0,11,3,3,80,1,24,4,2,4,2,1,2,1
34,4,523,3,0,72,3,2,1,6538,9,0,15,3,1,80,1,6,3,3,3,2,1,2,3
31,7,524,2,0,31,3,2,1,4306,1,0,12,3,2,80,1,13,5,1,13,10,3,12,1
43,21,525,4,1,61,3,1,1,2258,7,0,20,4,1,80,1,8,1,3,3,2,1,2,4
43,8,526,3,0,74,3,2,2,4522,4,1,14,3,4,80,0,8,3,3,5,2,0,2,3
25,4,527,2,0,99,2,2,0,4487,1,1,11,3,2,80,0,5,3,3,5,4,1,3,4
37,25,529,2,0,72,3,2,1,4449,3,1,15,3,1,80,2,15,2,3,13,11,10,7,3
31,1,530,4,1,98,2,1,1,2218,1,0,12,3,3,80,1,4,3,3,4,2,3,2,1
39,1,531,2,1,52,3,5,2,19197,1,1,14,3,3,80,1,21,3,3,21,8,1,6,3
56,6,532,3,0,86,4,4,1,13212,9,0,11,3,4,80,3,36,0,2,7,7,7,7,1
30,12,533,2,0,83,3,2,0,6577,0,0,11,3,2,80,0,6,6,3,5,4,4,4,3
41,1,534,2,1,49,4,3,1,8392,1,0,16,3,3,80,1,10,2,3,10,7,0,7,1
28,17,536,3,1,79,3,2,2,4558,1,0,12,3,4,80,1,10,2,3,10,0,1,8,1
25,3,538,1,1,91,3,1,1,4031,5,0,13,3,3,80,1,6,5,3,2,2,0,2,1
52,3,543,4,1,39,2,3,1,7969,2,1,14,3,3,80,0,28,4,3,5,4,0,4,3
45,10,544,1,1,69,3,1,1,2654,3,0,21,4,4,80,2,8,3,2,2,2,0,2,4
52,4,546,4,0,30,3,4,1,16555,2,0,13,3,4,80,0,31,2,1,5,2,1,4,4
42,29,547,1,0,92,3,2,2,4556,2,0,11,3,2,80,1,19,3,3,5,4,0,2,3
30,2,548,3,0,43,1,2,0,6091,2,0,20,4,3,80,0,11,2,3,5,4,0,2,4
60,7,549,1,0,41,3,5,1,19566,5,0,11,3,4,80,0,33,5,1,29,8,11,10,1
46,18,550,3,0,87,3,2,2,4810,2,0,14,3,3,80,1,19,5,2,10,7,0,8,3
42,28,551,4,0,88,2,2,1,4523,0,0,11,3,4,80,3,7,4,4,6,5,0,4,4
24,1,554,1,0,62,3,1,0,3202,1,1,16,3,2,80,0,6,4,3,5,3,1,4,2
34,6,555,4,0,33,1,1,2,2351,0,0,16,3,4,80,1,3,3,2,2,2,1,0,3
38,2,556,4,1,42,3,1,1,1702,1,1,23,4,3,80,1,1,3,3,1,0,0,0,4
40,2,558,3,0,79,3,5,1,18041,0,0,14,3,4,80,0,21,2,3,20,15,1,12,3
26,23,560,1,0,90,3,1,2,2886,1,0,22,4,2,80,2,3,3,1,3,2,0,2,4
30,3,562,3,1,53,3,1,1,2097,4,0,15,3,3,80,1,9,3,1,5,3,1,4,4
29,3,564,2,1,93,2,3,1,11935,1,0,18,3,3,80,0,10,2,3,10,2,0,7,3
29,25,565,3,0,71,2,1,1,2546,5,0,16,3,2,80,0,6,2,4,2,2,1,1,2
19,2,566,1,1,52,2,1,0,2564,1,0,12,3,3,80,0,1,3,4,1,0,0,0,4
30,22,567,3,0,69,3,3,1,8412,0,0,11,3,3,80,0,10,3,3,9,8,7,8,1
57,29,568,1,1,56,2,4,2,14118,3,0,12,3,3,80,1,32,3,2,1,0,0,0,4
50,29,569,2,1,88,2,4,1,17046,0,0,15,3,2,80,1,28,2,3,27,10,15,7,3
30,2,571,3,0,49,3,1,0,2564,0,0,14,3,3,80,0,12,2,2,11,7,6,7,4
60,28,573,3,0,80,2,3,1,10266,4,0,19,3,4,80,0,22,5,4,18,13,13,11,1
47,2,574,1,0,65,3,2,2,5070,5,0,13,3,3,80,3,20,2,3,5,0,0,4,4
46,2,575,1,1,51,3,4,1,17861,6,0,13,3,3,80,0,26,2,1,3,2,0,1,3
35,22,577,4,1,46,1,1,0,4230,0,0,15,3,3,80,0,6,2,3,5,4,4,3,3
54,8,578,3,0,42,3,2,0,3780,7,0,11,3,3,80,0,19,3,3,1,0,0,0,3
34,2,579,4,1,62,2,1,2,2768,3,0,12,3,3,80,1,14,3,3,7,3,5,7,3
46,10,580,3,0,94,2,3,1,9071,2,1,19,3,3,80,1,15,3,3,3,2,1,2,4
31,9,581,3,1,33,3,3,2,10648,1,0,25,4,4,80,1,13,6,4,13,8,0,8,2
33,15,582,2,1,56,3,3,1,13610,7,1,12,3,4,80,0,15,2,4,7,6,7,7,3
33,10,584,1,1,38,1,1,2,3408,7,0,13,3,1,80,3,8,2,3,4,3,1,3,4
30,7,585,4,1,57,3,1,0,2983,0,0,14,3,1,80,0,4,3,3,3,2,1,2,2
35,16,586,4,1,72,3,3,1,7632,4,1,12,3,3,80,0,10,2,3,8,7,0,0,3
31,20,587,1,1,66,3,3,1,9824,3,0,12,3,1,80,0,12,2,3,1,0,0,0,3
34,23,590,2,0,43,3,3,2,9950,9,1,15,3,3,80,3,11,2,3,3,2,0,2,1
42,5,591,2,1,97,3,1,1,2093,4,0,17,3,4,80,1,8,4,3,2,2,2,0,3
36,10,592,2,1,32,3,3,0,9980,1,0,14,3,4,80,0,10,3,2,10,3,9,7,4
22,4,593,3,1,99,2,1,0,3894,5,0,16,3,3,80,0,4,3,3,2,2,1,2,3
48,2,595,2,0,37,3,2,1,4051,2,0,14,3,1,80,1,14,2,3,9,7,6,7,4
55,18,597,1,0,83,3,4,0,16835,3,0,23,4,4,80,0,37,2,3,10,9,7,7,2
41,10,599,4,1,56,3,2,0,6230,7,0,14,3,4,80,0,16,3,3,14,3,1,10,4
35,1,600,2,1,85,3,2,1,4717,9,0,11,3,3,80,0,15,2,3,11,9,6,9,3
40,6,601,2,0,75,3,4,0,13237,7,0,15,3,3,80,0,22,3,3,20,6,5,13,3
39,8,602,3,0,48,3,1,1,3755,1,0,11,3,1,80,1,8,3,3,8,3,0,7,3
31,2,604,2,1,77,3,2,0,6582,4,1,13,3,3,80,0,10,2,4,6,5,0,5,4
42,24,605,4,1,56,3,3,1,7406,1,1,21,4,4,80,1,10,5,2,10,9,5,8,1
45,2,606,4,1,61,3,2,1,4805,0,0,19,3,2,80,1,9,3,4,8,7,3,7,2
26,17,608,2,0,58,3,1,2,2741,0,1,11,3,2,80,1,8,2,2,7,7,1,0,3
29,19,611,4,1,34,3,2,2,4262,4,0,12,3,2,80,2,8,2,4,3,2,1,2,4
33,1,612,1,0,95,4,4,2,16184,4,0,19,3,3,80,1,10,2,3,6,1,0,5,3
31,7,613,3,1,44,2,3,2,11557,9,0,21,4,3,80,1,10,3,2,5,4,0,1,4
18,5,614,2,1,69,3,1,0,1878,1,1,14,3,4,80,0,0,3,3,0,0,0,0,2
40,28,615,3,1,58,1,3,2,10932,3,0,15,3,3,80,1,20,2,3,1,0,0,1,1
41,2,616,1,0,62,2,2,0,6811,2,1,17,3,1,80,0,10,3,3,8,7,0,7,3
26,29,618,1,1,45,3,2,2,4306,5,0,12,3,1,80,2,8,5,3,0,0,0,0,3
35,1,620,1,0,80,3,2,0,4859,1,0,16,3,4,80,0,5,3,3,5,4,0,3,3
34,21,621,4,1,74,4,2,0,5337,1,0,12,3,4,80,0,10,3,3,10,7,5,7,4
26,24,622,3,1,66,1,1,0,2340,1,1,18,3,2,80,0,1,3,1,1,0,0,0,4
37,1,623,2,0,59,3,3,0,7491,4,0,17,3,4,80,0,12,3,4,6,5,1,2,4
46,18,624,1,0,86,3,3,1,10527,5,0,11,3,4,80,0,28,3,2,2,2,1,2,3
41,2,625,2,0,91,3,4,1,16595,7,0,16,3,2,80,1,22,2,3,18,16,11,8,1
37,9,626,1,1,69,3,3,2,8834,1,0,13,3,4,80,1,9,6,3,9,5,7,7,2
52,6,630,4,1,78,3,2,2,5577,3,1,12,3,2,80,2,18,3,3,10,9,6,9,1
32,11,631,4,1,60,4,2,1,4707,8,0,12,3,4,80,0,6,2,3,4,2,1,2,3
24,24,632,4,1,38,3,1,1,2400,0,0,13,3,3,80,2,3,3,3,2,2,2,1,4
38,10,634,3,0,76,3,2,1,9824,3,0,19,3,3,80,1,18,4,3,1,0,0,0,3
37,1,635,2,0,65,3,2,1,6447,6,0,12,3,2,80,1,8,2,2,6,5,4,3,2
49,18,638,4,1,58,2,5,2,19502,1,1,17,3,3,80,1,31,5,3,31,9,0,9,3
24,23,639,2,1,89,4,1,1,2725,1,1,11,3,2,80,2,6,3,3,6,5,1,4,4
26,28,641,1,1,66,3,2,1,6272,1,0,20,4,4,80,2,6,5,4,5,3,1,4,2
24,17,643,4,1,94,2,1,1,2127,1,0,21,4,4,80,1,1,2,3,1,0,0,0,2
50,3,644,1,1,99,3,5,1,18200,1,0,11,3,3,80,1,32,2,3,32,5,10,7,2
25,13,645,2,1,40,3,1,1,2096,1,0,11,3,3,80,0,7,1,3,7,4,0,6,3
24,7,647,1,0,55,3,1,1,2886,1,1,16,3,4,80,1,6,4,3,6,3,1,2,3
30,12,648,2,1,74,2,1,1,2033,1,0,18,3,3,80,1,1,2,4,1,0,0,0,1
34,1,649,2,1,83,2,1,1,3622,1,1,13,3,4,80,1,6,3,3,6,5,1,3,4
31,13,650,2,1,46,3,2,2,4233,2,0,17,3,3,80,0,9,2,1,3,1,1,2,1
35,25,652,1,1,54,2,2,0,3681,4,0,14,3,4,80,0,9,3,3,3,2,0,2,4
31,6,653,1,1,66,4,2,2,5460,4,0,22,4,4,80,2,13,4,4,7,7,5,7,4
27,6,655,1,0,66,2,1,2,2187,0,0,12,3,3,80,2,6,5,2,5,3,0,3,3
37,2,656,4,1,75,3,2,1,9602,4,1,11,3,3,80,1,17,3,2,3,0,1,0,3
20,1,657,4,0,83,2,1,0,2836,1,0,13,3,4,80,0,1,0,4,1,0,0,0,2
42,2,659,3,0,81,3,2,1,4089,1,0,13,3,2,80,2,10,4,3,10,2,2,2,4
43,6,661,2,1,50,2,4,2,16627,4,1,14,3,3,80,1,21,3,2,1,0,0,0,4
38,1,662,3,0,43,3,1,0,2619,3,0,17,3,4,80,0,8,3,2,0,0,0,0,1
43,9,663,4,1,72,3,2,2,5679,3,1,13,3,2,80,1,10,3,3,8,7,4,7,3
48,1,664,4,0,40,2,4,1,15402,7,0,11,3,1,80,1,21,3,1,3,2,0,2,1
44,1,665,1,0,50,2,2,0,5985,4,0,11,3,2,80,0,10,1,4,2,2,0,2,3
34,14,666,3,0,31,3,1,2,2579,1,1,18,3,4,80,2,8,3,3,8,2,0,6,3
27,2,667,3,1,85,3,1,2,3041,0,0,11,3,2,80,1,5,3,3,4,3,0,2,1
21,22,669,3,1,49,3,1,0,3447,1,0,11,3,3,80,0,3,2,3,3,2,1,2,3
44,3,671,4,1,35,3,5,1,19513,4,1,12,3,1,80,1,26,2,4,2,2,0,1,4
22,6,675,1,1,69,3,1,1,2773,0,0,20,4,4,80,0,3,3,3,2,2,2,2,3
33,8,677,3,1,39,3,2,2,7104,0,0,12,3,4,80,0,6,3,3,5,0,1,2,3
32,9,679,1,0,92,3,2,1,6322,1,1,12,3,4,80,1,6,2,2,6,4,0,5,4
30,3,680,3,0,71,3,1,2,2083,1,0,20,4,3,80,1,1,2,3,1,0,0,0,3
53,1,682,4,0,34,3,2,0,8381,7,0,20,4,4,80,0,18,2,4,14,7,8,10,1
34,1,683,2,1,42,3,1,1,2691,1,0,12,3,4,80,1,10,4,2,10,9,8,8,4
45,26,684,1,0,100,3,2,1,4286,2,0,14,3,4,80,2,5,4,3,1,1,0,0,1
26,6,686,3,0,71,3,1,1,2659,1,1,13,3,3,80,1,3,2,3,3,2,0,2,4
37,3,689,3,1,36,3,3,1,9434,1,0,15,3,3,80,1,10,2,3,10,7,7,8,3
29,3,690,2,0,62,3,2,1,5561,1,0,14,3,1,80,1,6,5,2,6,0,1,2,3
35,6,691,2,1,82,1,2,0,6646,1,0,13,3,2,80,0,17,3,3,17,11,11,8,4
33,6,692,3,1,30,3,2,2,7725,3,0,23,4,3,80,1,15,2,1,13,11,4,7,4
54,19,698,3,1,88,3,3,1,10725,2,0,15,3,3,80,1,16,1,4,9,7,7,1,2
36,9,699,2,1,48,2,2,2,8847,2,1,11,3,3,80,1,13,2,3,3,2,0,2,2
27,3,700,1,1,54,2,1,0,2045,0,0,13,3,4,80,0,5,0,3,4,2,1,1,4
20,10,701,4,1,32,3,1,0,1009,1,1,11,3,4,80,0,1,5,3,1,0,1,1,3
33,3,702,1,1,70,3,1,0,3348,1,1,11,3,1,80,0,10,3,3,10,8,9,7,1
35,3,704,3,1,41,2,1,1,1281,1,0,18,3,3,80,2,1,3,3,1,0,0,0,3
23,4,705,1,1,58,4,1,1,2819,2,0,16,3,1,80,1,5,3,4,3,2,0,2,1
25,8,707,4,1,57,4,2,1,4851,0,0,22,4,3,80,1,4,4,3,3,2,1,2,2
38,7,709,4,0,46,2,2,0,4028,0,0,20,4,1,80,0,8,2,3,7,7,0,5,4
29,1,710,2,1,76,1,1,2,2720,1,0,18,3,4,80,1,10,5,3,10,7,2,8,4
48,2,712,2,1,56,4,2,1,8120,3,0,12,3,4,80,0,12,3,3,2,2,2,2,2
27,3,714,4,0,71,4,2,2,4647,1,1,20,4,2,80,2,6,3,3,6,5,0,4,4
37,10,715,4,1,80,4,1,0,4680,3,0,17,3,1,80,0,4,2,3,1,0,0,0,4
50,28,716,4,1,74,4,1,1,3221,1,1,11,3,3,80,3,20,3,3,20,8,3,8,3
34,9,717,4,0,46,2,3,0,8621,1,0,14,3,2,80,0,9,3,4,8,7,7,7,2
24,3,720,1,0,65,3,2,0,4577,9,0,14,3,1,80,0,4,3,3,2,2,2,0,3
39,2,721,4,0,80,2,2,0,4553,1,0,11,3,1,80,0,20,4,3,20,7,11,10,3
32,10,722,4,1,55,3,2,0,5396,1,0,12,3,4,80,0,10,2,2,10,7,0,8,4
50,8,723,2,1,50,3,2,1,6796,3,1,14,3,1,80,1,18,4,3,4,3,1,3,3
38,1,724,2,0,33,4,2,0,7625,0,0,13,3,3,80,0,10,4,2,9,7,1,8,4
27,1,725,3,0,68,3,3,1,7412,1,0,11,3,4,80,0,9,3,3,9,7,0,7,1
32,3,727,3,0,39,3,3,0,11159,3,0,15,3,4,80,0,10,6,3,7,7,7,7,4
47,14,728,4,1,42,3,2,0,4960,2,0,12,3,4,80,0,20,2,3,7,7,1,7,1
40,5,729,4,1,48,2,3,1,10475,5,1,21,4,3,80,1,20,2,3,18,13,1,12,1
53,7,730,3,1,59,4,4,1,14814,3,0,19,3,3,80,0,32,3,3,5,1,1,3,3
41,10,731,2,1,73,2,5,2,19141,3,0,15,3,2,80,3,23,2,2,21,6,12,6,4
60,16,732,1,1,84,3,2,0,5405,8,0,14,3,4,80,0,10,1,3,2,2,2,2,1
27,10,733,4,1,32,3,3,2,8793,1,0,21,4,3,80,2,9,4,2,9,7,1,7,1
41,1,734,4,1,59,2,5,1,19189,1,0,12,3,2,80,1,22,3,3,22,7,2,10,3
50,8,738,4,1,54,3,1,1,3875,7,0,15,3,4,80,1,4,2,3,2,2,2,2,2
28,1,741,1,0,67,1,1,0,2216,7,1,13,3,4,80,0,10,4,3,7,7,3,7,2
36,8,742,1,0,63,4,3,1,11713,9,0,14,3,1,80,1,10,2,3,8,7,0,5,1
38,1,743,3,0,81,3,3,0,7861,4,1,14,3,4,80,0,10,4,4,1,0,0,0,3
44,24,744,1,1,49,1,1,0,3708,2,0,14,3,3,80,0,9,5,3,5,2,1,4,3
47,3,746,4,0,49,3,4,2,13770,9,1,12,3,4,80,2,28,2,2,22,2,11,13,3
30,27,747,3,1,99,3,2,2,5304,7,0,23,4,4,80,1,10,2,2,8,7,7,7,4
29,10,749,3,1,99,3,1,0,2642,1,0,11,3,3,80,0,1,6,3,1,0,0,0,3
42,19,752,3,1,57,4,1,2,2759,6,1,12,3,4,80,0,7,2,3,2,2,2,2,3
43,15,754,4,1,47,2,2,1,6804,3,0,18,3,3,80,1,7,5,3,2,2,2,2,4
34,8,757,2,0,96,3,2,0,6142,3,0,11,3,4,80,0,10,2,3,5,1,4,3,3
23,9,758,2,1,37,3,1,1,2500,1,0,14,3,4,80,1,5,2,4,4,3,0,2,1
39,3,760,3,0,44,4,2,1,6389,9,0,15,3,3,80,1,12,3,1,8,3,3,6,2
56,9,762,3,1,81,3,4,1,11103,7,0,11,3,3,80,0,30,1,2,10,7,1,1,4
40,2,763,4,0,86,2,1,0,2342,0,1,20,4,4,80,0,5,2,2,4,2,2,3,4
27,7,764,4,0,55,2,2,0,6811,8,0,19,3,1,80,0,9,2,1,7,6,0,7,1
29,10,766,4,1,83,3,1,2,2297,1,0,14,3,4,80,2,2,2,3,2,2,2,2,2
53,6,769,4,1,86,3,2,0,2450,2,0,17,3,4,80,0,19,4,3,2,2,2,2,4
35,2,771,4,0,61,3,2,2,5093,2,0,11,3,1,80,1,16,2,4,1,0,0,0,1
32,24,772,1,1,80,3,2,1,5309,1,0,15,3,4,80,2,10,2,3,10,8,4,7,4
38,2,773,4,1,92,3,1,1,3057,6,1,13,3,2,80,1,6,0,1,1,0,0,1,3
34,8,775,2,0,32,3,2,2,5121,3,0,14,3,3,80,1,7,3,3,0,0,0,0,1
52,3,776,3,1,31,2,4,1,16856,1,0,11,3,1,80,0,34,3,4,34,6,1,16,1
33,1,780,4,1,63,3,1,0,2686,1,1,13,3,3,80,0,10,2,2,10,9,7,8,4
25,26,781,3,0,32,3,2,0,6180,1,0,23,4,2,80,0,6,5,2,6,5,1,4,4
45,2,783,2,1,46,1,2,0,6632,0,0,13,3,1,80,0,9,3,3,8,7,3,1,3
23,10,784,1,1,79,4,1,0,3505,1,0,18,3,4,80,0,2,3,3,2,2,0,2,3
47,27,785,2,0,77,4,2,0,6397,4,1,12,3,4,80,0,8,2,3,5,4,1,3,3
34,2,786,4,1,60,3,2,0,6274,1,0,22,4,3,80,0,6,5,3,6,5,1,4,4
55,2,787,4,1,78,3,5,1,19859,5,1,13,3,4,80,1,24,2,3,5,2,1,4,1
36,8,789,1,1,76,2,3,0,7587,1,0,15,3,2,80,0,10,1,3,10,7,0,9,1
52,19,791,4,1,41,3,1,1,4258,0,0,18,3,1,80,1,5,3,3,4,3,1,2,4
26,1,792,1,0,71,1,1,2,4364,3,0,14,3,1,80,1,5,2,3,2,2,2,0,4
29,27,793,2,0,66,3,2,1,4335,4,0,12,3,1,80,1,11,3,2,8,7,1,1,3
26,8,796,4,1,38,2,2,0,5326,6,0,17,3,3,80,0,6,2,2,4,3,1,2,1
34,1,797,2,0,72,4,1,0,3280,2,0,16,3,3,80,0,10,2,3,4,2,1,3,4
54,19,799,4,0,95,3,2,2,5485,9,1,11,3,2,80,2,9,4,3,5,3,1,4,1
27,8,800,3,1,84,3,2,1,4342,0,0,19,3,2,80,1,5,3,3,4,2,1,1,4
37,10,802,4,0,82,3,1,2,2782,0,1,13,3,2,80,2,6,3,2,5,3,4,3,1
38,2,803,1,0,75,4,2,0,5980,6,1,12,3,4,80,0,17,2,3,15,7,4,12,1
34,2,804,3,0,86,2,1,0,4381,1,0,11,3,3,80,0,6,3,3,6,5,1,3,1
35,8,805,1,0,72,3,1,1,2572,1,0,16,3,2,80,1,3,1,2,3,2,0,2,4
30,1,806,4,1,38,1,1,1,3833,3,0,21,4,3,80,2,7,2,3,2,2,0,2,3
40,2,807,3,0,38,4,2,1,4244,1,0,24,4,4,80,1,8,2,3,8,7,3,7,2
34,8,808,3,0,93,3,2,1,6500,5,0,17,3,2,80,1,6,1,3,3,2,1,2,1
42,8,809,2,1,66,3,5,2,18430,1,0,13,3,2,80,1,24,4,2,24,7,14,9,4
23,6,811,3,1,63,4,1,1,1601,1,1,21,4,3,80,2,1,2,3,0,0,0,0,1
24,9,812,3,1,60,2,1,2,2694,1,0,11,3,3,80,3,1,4,3,1,0,0,0,2
52,11,813,4,0,82,3,2,1,3149,8,0,20,4,2,80,1,9,3,3,5,2,1,4,3
50,2,815,3,1,64,3,4,1,17639,5,0,16,3,4,80,0,30,3,3,4,3,0,3,3
29,1,816,2,0,36,2,1,1,2319,1,1,11,3,4,80,1,1,1,3,1,0,0,0,1
33,7,817,3,1,49,3,3,1,11691,0,0,11,3,4,80,0,14,3,4,13,9,3,7,3
33,16,819,1,0,69,3,2,0,5324,5,0,15,3,3,80,0,6,3,3,3,2,0,2,1
47,2,820,3,0,33,3,4,1,16752,1,1,11,3,3,80,1,26,3,2,26,14,3,0,4
36,1,823,3,0,35,3,2,1,5228,0,0,15,3,1,80,1,10,2,3,9,7,0,5,2
29,23,824,3,1,81,4,1,1,2700,1,0,24,4,3,80,1,10,3,3,10,7,0,7,3
58,2,825,4,1,31,3,5,0,19246,7,1,12,3,4,80,0,40,2,3,31,15,13,8,2
35,1,826,4,0,40,4,1,0,2506,3,0,13,3,3,80,0,7,0,3,2,2,2,2,3
42,1,827,4,0,43,2,2,1,6062,9,1,13,3,4,80,1,8,4,3,4,3,0,2,4
28,2,828,3,1,46,3,1,0,4382,6,0,17,3,4,80,0,5,3,2,2,2,2,1,3
36,13,829,3,1,36,3,1,1,2143,4,0,13,3,2,80,1,8,2,3,5,2,0,4,2
32,4,830,3,0,98,2,2,1,6162,1,0,12,3,3,80,1,14,3,3,14,13,6,8,3
40,16,832,1,1,51,2,2,0,5094,6,0,14,3,4,80,0,10,6,3,1,0,0,0,3
30,2,833,3,0,52,2,2,0,6877,5,1,24,4,2,80,0,12,4,2,0,0,0,0,4
45,2,834,2,0,95,2,1,0,2274,1,0,14,3,4,80,0,1,3,3,1,0,0,0,3
42,29,836,2,1,98,3,2,1,4434,1,0,13,3,4,80,1,10,3,2,9,8,7,8,2
38,12,837,1,1,45,2,2,2,6288,2,0,15,3,3,80,1,13,3,2,4,3,1,2,1
34,16,838,3,0,100,2,1,0,2553,1,0,16,3,3,80,0,6,3,3,5,2,1,3,4
49,11,840,3,0,43,3,3,1,7654,1,0,18,3,1,80,2,9,3,4,9,8,7,7,4
55,2,842,3,1,37,3,2,0,5160,4,0,16,3,3,80,0,12,3,2,9,7,7,3,4
43,14,843,2,1,94,3,4,1,17159,6,0,24,4,3,80,1,22,3,3,4,1,1,0,1
27,5,844,3,1,42,2,3,2,12808,1,1,16,3,2,80,1,9,3,3,9,8,0,8,4
35,7,845,3,1,59,3,3,0,10221,3,0,21,4,2,80,0,17,3,4,8,5,1,6,3
28,2,846,2,0,81,3,2,1,4779,1,1,20,4,1,80,0,8,2,3,8,7,7,5,2
34,3,847,3,1,88,3,1,1,3737,0,0,19,3,3,80,1,4,1,1,3,2,0,2,4
26,5,848,3,0,88,2,1,1,2366,1,1,14,3,1,80,1,8,2,3,8,7,1,7,3
27,3,850,4,1,50,3,1,1,1706,1,0,11,3,3,80,3,0,6,2,0,0,0,0,4
51,26,851,1,0,66,3,4,1,16307,2,0,14,3,3,80,1,29,2,2,20,6,4,17,3
44,4,852,4,1,50,3,2,0,5933,9,0,12,3,4,80,0,10,2,2,5,2,2,3,2
25,2,854,1,1,65,4,1,0,3424,7,0,13,3,3,80,0,6,3,2,4,3,0,1,1
33,1,855,1,1,48,4,2,2,4037,1,0,22,4,1,80,1,9,5,3,9,8,0,8,1
35,27,856,3,0,53,2,1,0,2559,1,0,11,3,4,80,0,6,3,2,6,5,1,1,1
36,1,857,2,1,56,3,2,1,6201,1,1,14,3,4,80,1,18,1,2,18,14,4,11,4
32,13,859,2,1,73,3,2,2,4403,2,0,11,3,3,80,1,8,3,2,5,2,0,3,4
30,5,861,2,1,75,2,1,2,3761,9,0,12,3,2,80,1,10,3,2,5,4,0,3,4
53,7,862,1,0,78,2,3,1,10934,7,1,18,3,4,80,1,35,3,3,5,2,0,4,4
45,9,864,4,1,74,3,3,2,10761,4,1,12,3,3,80,1,18,2,3,5,4,0,2,1
32,8,865,3,0,91,4,2,1,5175,5,0,12,3,3,80,1,9,3,2,5,3,1,3,3
52,25,867,3,0,81,2,4,1,13826,3,0,22,4,3,80,0,31,3,3,9,8,0,0,4
37,16,868,4,1,66,2,2,2,6334,4,0,19,3,4,80,2,9,2,3,1,0,0,0,3
28,8,869,2,1,63,2,1,2,4936,1,0,13,3,4,80,1,6,6,3,5,1,0,4,4
22,1,872,4,1,33,2,2,1,4775,6,0,22,4,1,80,2,4,2,1,2,2,2,2,4
44,8,874,1,1,62,4,1,1,2818,2,1,24,4,3,80,1,10,2,2,3,2,0,2,4
42,2,875,2,1,35,3,1,0,2515,5,1,14,3,4,80,0,8,2,3,2,1,2,2,4
36,8,878,1,1,77,2,1,1,2342,0,0,21,4,3,80,0,6,3,3,5,4,0,3,1
25,3,879,3,1,98,3,2,1,4194,1,1,18,3,4,80,0,5,3,3,5,3,0,3,1
35,9,880,4,0,66,2,3,1,10685,1,1,20,4,2,80,1,17,2,3,17,14,5,15,3
35,25,881,4,0,96,3,1,2,2022,1,1,19,3,1,80,1,10,3,2,10,2,7,8,2
32,1,882,4,1,61,3,1,2,2314,0,0,12,3,2,80,1,4,2,3,3,0,0,2,4
25,4,885,3,1,87,2,2,1,4256,1,0,12,3,1,80,0,5,1,4,5,2,0,3,1
49,1,887,3,0,36,3,1,1,3580,2,0,16,3,2,80,1,7,2,3,4,2,0,2,1
24,4,888,1,1,46,2,1,1,3162,0,0,17,3,4,80,0,6,2,2,5,2,3,4,4
32,5,889,2,1,48,3,2,1,6524,1,0,14,3,4,80,1,10,3,3,10,8,5,3,2
38,9,893,2,1,98,2,1,1,2899,0,0,19,3,4,80,1,3,3,3,2,2,1,2,2
42,3,894,3,0,95,4,2,1,5231,2,1,13,3,2,80,1,17,1,2,5,3,1,3,4
31,11,895,4,1,48,3,1,1,2356,3,1,19,3,2,80,1,8,2,3,6,4,0,2,4
29,1,896,2,0,48,2,1,2,2800,6,1,19,3,3,80,3,5,3,3,3,2,0,2,3
53,8,897,1,1,73,3,4,1,11836,5,0,14,3,3,80,1,28,3,3,2,0,2,2,4
35,25,899,4,1,78,2,3,1,10903,3,0,16,3,1,80,0,16,2,3,13,10,4,8,2
37,21,900,3,0,54,3,1,1,2973,5,0,15,3,2,80,1,10,3,3,5,4,0,0,4
53,23,901,4,0,72,3,4,0,14275,6,0,18,3,3,80,0,33,0,3,12,9,3,8,4
43,1,902,4,0,33,3,2,1,5562,4,0,13,3,2,80,1,12,2,2,5,2,2,2,4
47,2,903,3,0,35,3,2,1,4537,0,1,22,4,1,80,1,8,2,3,7,6,7,7,4
37,19,904,1,1,32,3,3,0,7642,1,1,13,3,4,80,0,10,2,3,10,0,0,9,2
50,2,905,1,1,98,3,4,2,17924,1,0,11,3,4,80,1,31,3,3,31,6,14,7,1
39,2,909,4,0,42,2,2,1,5204,8,0,11,3,3,80,2,13,2,3,5,4,0,4,4
33,3,910,4,1,57,3,1,2,2277,3,1,11,3,3,80,1,7,4,4,4,3,0,3,2
32,25,911,1,1,87,3,1,0,2795,1,1,24,4,3,80,0,1,2,1,1,0,0,1,4
29,7,912,1,0,62,2,1,2,2532,6,0,14,3,3,80,3,8,5,3,4,3,0,3,4
44,9,913,2,1,61,3,1,1,2559,1,1,13,3,4,80,0,8,0,3,8,7,7,1,1
28,5,916,1,1,98,3,2,0,4908,1,0,14,3,2,80,0,4,3,3,4,2,0,2,4
58,2,918,4,1,57,2,1,2,2380,9,1,14,3,4,80,1,3,3,2,1,0,0,0,4
43,8,920,1,0,55,3,2,2,4765,4,0,21,4,3,80,1,4,2,4,1,0,0,0,2
20,2,922,3,0,49,2,1,0,2044,1,0,13,3,4,80,0,2,3,2,2,2,0,2,3
21,18,923,4,0,65,3,1,0,2693,1,0,19,3,1,80,0,1,3,2,1,0,0,0,4
36,14,924,3,1,68,3,2,1,6586,0,1,17,3,1,80,1,17,2,2,16,8,4,11,4
47,2,925,4,0,65,2,1,0,3294,1,1,18,3,1,80,0,3,3,2,3,2,1,2,4
22,3,926,2,0,34,3,2,1,4171,0,1,19,3,1,80,1,4,3,4,3,2,0,2,3
41,2,927,2,0,57,1,1,2,2778,4,1,13,3,3,80,1,10,1,2,7,7,1,0,4
28,9,930,3,0,77,3,1,2,2377,5,0,18,3,2,80,1,6,2,3,2,2,2,2,3
39,6,932,4,1,70,3,1,1,2404,7,1,21,4,4,80,0,8,2,1,2,2,2,2,1
27,4,933,2,0,76,3,1,0,2318,1,0,19,3,3,80,0,1,2,3,1,1,0,0,3
34,10,934,2,1,83,3,1,2,2008,1,0,14,3,2,80,2,1,3,3,1,0,1,0,2
42,14,936,3,0,68,2,2,0,6244,7,0,17,3,1,80,0,10,6,3,5,4,0,3,3
33,1,939,3,1,100,2,1,0,2799,3,1,11,3,2,80,0,6,1,3,3,2,0,2,1
58,5,940,3,0,37,2,3,2,10552,2,1,13,3,4,80,1,24,3,3,6,0,0,4,2
31,7,941,2,1,41,2,1,1,2329,3,0,15,3,2,80,0,13,2,4,7,7,5,2,3
35,21,942,4,0,51,3,2,1,4014,1,1,25,4,4,80,1,10,2,1,10,6,0,7,4
49,8,944,1,0,51,3,3,1,7403,4,0,11,3,3,80,1,29,3,2,26,9,1,7,2
48,20,945,4,1,51,3,1,1,2259,4,0,17,3,1,80,2,13,2,2,0,0,0,0,3
31,20,947,4,0,45,3,2,1,6932,1,0,13,3,4,80,1,9,2,2,9,8,0,0,3
36,7,949,2,1,65,3,1,0,4678,2,0,18,3,3,80,0,8,6,3,6,2,0,1,4
38,1,950,4,0,80,3,3,1,13582,1,0,13,3,2,80,1,15,3,3,15,12,5,11,1
32,1,951,3,0,70,2,1,1,2332,6,0,20,4,3,80,0,5,3,3,3,0,0,2,2
25,19,952,3,1,36,2,1,1,2413,1,1,18,3,3,80,3,1,2,3,1,0,0,0,2
40,10,954,1,1,67,2,3,2,9705,2,0,12,3,2,80,1,11,2,2,1,0,0,0,2
26,1,956,3,1,52,2,2,0,4294,1,0,12,3,2,80,0,7,2,3,7,7,0,7,1
41,6,957,4,1,59,3,1,0,4721,2,1,13,3,3,80,0,20,3,3,18,13,2,17,1
36,2,958,3,1,79,3,1,0,2519,4,0,21,4,3,80,0,16,6,3,11,8,3,9,3
19,21,959,4,1,37,2,1,0,2121,1,1,13,3,2,80,0,1,3,4,1,0,0,0,2
20,4,960,1,1,84,3,1,0,2973,1,0,19,3,2,80,0,1,2,3,1,0,0,0,1
31,12,961,4,0,41,3,2,1,5855,0,1,11,3,3,80,2,10,2,1,9,7,8,5,4
40,9,964,4,1,35,3,1,2,3617,8,1,14,3,4,80,1,3,2,3,1,1,0,0,2
32,3,966,3,0,93,3,2,1,6725,1,0,12,3,3,80,1,8,2,4,8,7,6,3,1
36,3,967,3,1,51,2,3,1,10325,1,1,11,3,1,80,1,16,6,3,16,7,3,7,4
33,1,969,2,0,42,2,2,0,6949,0,0,14,3,1,80,0,6,3,3,5,0,1,4,4
37,1,970,1,1,46,2,3,1,10609,5,0,11,3,3,80,0,17,2,1,14,1,11,7,3
45,4,972,3,1,57,3,2,1,4447,1,0,12,3,2,80,0,9,5,2,9,7,0,8,2
29,20,974,3,0,84,3,1,1,2157,1,0,15,3,2,80,1,3,5,3,3,1,0,2,4
35,18,975,3,0,86,3,2,1,4601,1,0,16,3,2,80,0,5,3,3,5,2,1,0,3
52,1,976,4,1,70,3,4,1,17099,2,0,15,3,2,80,1,26,2,2,9,8,7,8,4
58,2,977,4,1,51,3,1,0,2479,4,0,24,4,1,80,0,7,4,3,1,0,0,0,3
53,2,981,3,1,45,3,4,2,14852,6,0,13,3,3,80,1,22,3,4,17,13,15,2,3
30,8,982,3,1,62,3,3,2,7264,5,0,11,3,1,80,1,10,2,4,8,4,7,7,3
38,10,983,3,0,85,3,2,0,5666,1,1,13,3,2,80,0,6,1,3,5,3,1,3,4
35,3,984,4,1,92,3,3,2,7823,6,0,13,3,2,80,1,12,2,3,10,9,0,8,4
39,2,985,1,1,41,4,3,0,7880,0,0,18,3,4,80,0,9,3,3,8,7,0,7,3
40,24,986,2,0,100,4,4,0,13194,4,1,16,3,4,80,0,22,2,2,1,0,0,0,2
47,16,987,3,1,64,4,2,2,5067,1,1,19,3,3,80,0,20,3,4,19,10,2,7,3
36,8,990,1,1,84,3,2,2,5079,4,0,13,3,4,80,2,12,3,3,7,7,0,7,4
31,9,991,3,1,46,2,1,0,2321,0,1,22,4,1,80,0,4,0,3,3,2,1,2,1
33,17,992,4,1,38,3,4,0,17444,1,0,11,3,4,80,0,10,2,3,10,8,6,0,3
29,10,994,4,0,92,2,1,0,2404,6,1,20,4,3,80,0,3,5,3,0,0,0,0,1
33,13,995,2,0,53,3,1,0,3452,3,0,18,3,1,80,0,5,4,3,3,2,0,2,4
45,1,996,4,0,91,3,1,2,2270,3,0,14,3,4,80,2,8,2,3,5,3,0,2,4
50,1,997,4,1,66,3,4,2,17399,9,0,22,4,3,80,1,32,1,2,5,4,1,3,4
33,1,998,3,0,84,4,2,1,5488,1,1,13,3,1,80,1,6,2,3,6,5,1,2,2
41,9,999,1,1,64,3,5,2,19419,2,0,17,3,2,80,1,21,2,4,18,16,0,11,3
27,16,1001,3,0,37,3,1,1,2811,9,0,14,3,2,80,1,4,2,3,2,2,2,2,2
45,23,1002,4,1,42,3,2,1,3633,1,1,15,3,3,80,1,9,2,3,9,8,0,8,1
47,4,1003,4,0,83,3,2,0,4163,1,1,17,3,3,80,0,9,0,3,9,0,0,7,4
30,22,1004,1,0,48,3,1,1,2132,4,1,11,3,2,80,0,7,2,3,5,2,0,1,3
50,24,1005,4,1,95,3,4,1,13973,3,1,18,3,4,80,1,22,2,3,12,11,1,5,3
38,10,1006,3,1,66,3,1,1,2684,0,0,17,3,2,80,1,3,0,2,2,1,0,2,3
46,7,1007,4,1,75,3,3,2,10845,6,0,13,3,2,80,1,13,3,3,8,7,0,7,3
24,17,1009,4,0,41,2,2,2,4377,1,0,15,3,2,80,2,5,6,3,4,2,3,2,3
35,14,1010,3,1,39,2,1,2,3743,1,1,24,4,4,80,1,5,2,1,4,2,0,2,2
31,1,1011,3,0,96,3,2,1,4148,1,0,12,3,3,80,1,4,1,3,4,3,0,3,1
18,5,1012,2,1,73,3,1,0,1051,1,0,15,3,4,80,0,0,2,3,0,0,0,0,4
54,17,1013,3,0,56,3,3,1,10739,8,0,11,3,3,80,1,22,2,3,10,7,0,8,3
35,25,1014,3,0,57,3,3,2,10388,1,1,11,3,3,80,1,16,3,2,16,10,10,1,3
30,8,1015,2,0,73,4,3,1,11416,0,1,12,3,3,80,3,9,4,2,8,7,1,7,1
20,11,1016,4,0,98,2,1,0,2600,1,1,15,3,1,80,0,1,2,3,1,0,0,0,1
30,5,1017,2,0,60,3,1,0,2422,0,0,17,3,1,80,0,4,3,3,3,2,1,2,2
26,2,1018,4,1,32,4,2,1,5472,1,0,12,3,2,80,0,8,2,3,8,7,1,3,4
22,8,1019,2,1,94,1,1,1,2451,1,0,15,3,1,80,1,4,3,2,4,3,1,1,1
48,6,1022,1,1,97,2,2,0,4240,2,0,13,3,4,80,0,19,0,3,2,2,2,2,3
48,4,1024,3,1,78,2,3,0,10999,7,0,14,3,2,80,0,27,3,3,15,11,4,8,3
41,7,1025,4,0,42,3,2,0,5003,6,0,14,3,2,80,0,8,6,3,2,2,2,1,3
39,1,1026,4,0,65,2,4,1,12742,1,0,16,3,3,80,1,21,3,3,21,6,11,8,4
27,2,1027,1,0,47,3,2,1,4227,0,0,18,3,2,80,1,4,2,3,3,2,2,2,4
35,10,1028,2,1,45,3,1,2,3917,1,0,20,4,1,80,1,3,4,2,3,2,1,2,4
42,5,1029,4,1,90,3,5,1,18303,6,0,13,3,2,80,0,21,3,4,1,0,0,0,3
50,9,1030,1,1,64,3,1,1,2380,4,0,18,3,2,80,0,8,5,3,1,0,0,0,4
59,2,1032,3,0,69,2,4,0,13726,3,1,13,3,1,80,0,30,4,3,5,3,4,3,4
37,11,1033,1,0,61,1,2,1,4777,5,0,15,3,1,80,0,15,2,1,1,0,0,0,2
55,18,1034,3,1,62,3,2,1,6385,3,1,14,3,4,80,2,17,3,3,8,7,6,7,2
41,7,1035,2,0,55,1,5,2,19973,1,0,22,4,2,80,2,21,3,3,21,16,5,10,3
38,3,1036,2,1,42,3,2,0,6861,8,1,12,3,3,80,0,19,1,3,1,0,0,0,4
26,29,1037,2,1,79,1,2,0,4969,8,0,18,3,4,80,0,7,6,3,2,2,2,2,1
52,2,1038,1,0,57,1,5,1,19845,1,0,15,3,4,80,1,33,3,3,32,14,6,9,4
44,28,1039,4,0,53,4,4,1,13320,3,1,18,3,3,80,1,23,2,3,12,11,11,11,4
50,1,1040,4,0,95,3,2,1,6347,0,0,12,3,1,80,1,19,3,3,18,7,0,13,3
36,16,1042,3,0,43,4,1,0,2743,1,0,16,3,3,80,0,18,1,3,17,13,15,14,1
39,22,1043,4,0,82,3,3,0,10880,1,1,13,3,3,80,0,21,2,3,21,6,2,8,1
33,8,1044,2,0,88,2,1,0,2342,0,0,19,3,4,80,0,3,2,2,2,2,2,2,4
45,11,1045,4,0,90,3,4,1,17650,3,0,13,3,2,80,1,26,4,4,9,3,1,1,4
32,29,1046,4,0,69,3,1,0,4025,9,0,12,3,2,80,0,10,2,3,8,7,7,7,3
34,1,1047,2,1,75,4,2,2,9725,0,0,11,3,4,80,1,16,2,2,15,1,0,9,4
59,1,1048,2,1,66,3,3,1,11904,3,1,14,3,3,80,1,14,1,1,6,4,0,4,4
45,24,1049,2,1,36,3,1,0,2177,1,0,16,3,1,80,0,6,3,3,6,3,0,4,2
53,2,1050,3,0,38,2,3,1,7525,2,0,12,3,1,80,1,30,2,3,15,7,6,12,2
36,15,1052,1,1,81,3,2,2,4834,7,0,14,3,2,80,1,9,3,2,1,0,0,0,3
26,2,1053,1,1,57,3,1,1,2042,6,1,14,3,2,80,1,6,2,3,3,2,1,2,1
34,10,1055,3,0,87,3,1,1,2220,1,1,19,3,4,80,1,1,2,3,1,1,0,0,3
28,10,1056,4,1,74,3,1,1,1052,1,0,22,4,2,80,0,1,5,3,1,0,0,0,2
38,3,1060,3,1,44,3,1,1,2821,3,0,16,3,1,80,1,8,2,3,2,2,2,2,3
50,2,1061,2,1,62,3,5,1,19237,2,1,11,3,4,80,1,29,2,2,8,1,7,7,3
37,3,1062,4,0,35,3,2,0,4107,3,0,15,3,1,80,0,8,3,2,4,3,0,1,2
40,26,1066,3,1,74,3,2,1,8396,1,0,14,3,2,80,1,8,3,2,7,7,7,5,1
26,1,1068,1,0,66,2,1,2,2007,1,0,13,3,3,80,2,5,5,3,5,3,1,3,3
46,1,1069,4,1,40,3,5,2,19627,9,0,17,3,4,80,2,23,0,3,2,2,2,2,4
54,2,1070,3,0,41,2,3,1,10686,6,0,11,3,2,80,1,13,4,3,9,4,7,0,3
56,9,1071,1,0,63,3,1,1,2942,2,0,19,3,2,80,1,18,4,3,5,4,0,3,3
36,12,1073,4,0,51,2,3,0,8858,0,0,11,3,2,80,0,15,2,2,14,8,7,8,4
55,2,1074,3,1,40,2,4,0,16756,7,0,15,3,2,80,0,31,3,4,9,7,6,2,1
43,25,1076,3,1,79,2,3,2,10798,5,0,13,3,3,80,1,18,5,3,1,0,0,0,4
20,9,1077,4,0,54,3,1,0,2323,1,1,14,3,2,80,0,2,3,3,2,2,0,2,4
21,10,1079,3,0,36,2,1,0,1416,1,0,13,3,1,80,0,1,6,2,1,0,1,0,1
46,8,1080,4,0,74,2,2,2,4615,8,1,23,4,1,80,3,19,2,3,16,13,1,7,1
51,4,1081,1,1,34,3,1,1,2461,9,1,12,3,3,80,3,18,2,4,10,0,2,7,3
28,24,1082,2,1,72,2,3,0,8722,1,0,12,3,1,80,0,10,2,2,10,7,1,9,1
26,1,1083,1,1,59,2,1,1,3955,1,0,16,3,1,80,2,6,2,3,5,3,1,3,1
30,20,1084,3,1,85,3,2,1,9957,0,0,15,3,3,80,1,7,1,2,6,2,0,2,1
41,7,1085,2,0,43,4,1,1,3376,1,0,13,3,3,80,0,10,3,3,10,6,0,8,3
38,17,1088,3,0,65,2,3,1,8823,0,0,18,3,1,80,1,20,4,2,19,9,1,9,3
40,20,1092,1,1,61,3,3,1,10322,4,0,20,4,4,80,1,14,6,3,11,10,11,1,4
27,8,1094,1,1,87,1,1,1,4621,1,0,19,3,4,80,3,3,4,3,3,2,1,2,3
55,2,1096,4,1,65,3,3,1,10976,3,0,18,3,2,80,1,23,4,3,3,2,1,2,2
28,10,1097,3,0,59,3,2,0,3660,3,0,13,3,4,80,0,10,4,4,8,7,1,7,3
44,1,1098,2,1,91,2,3,1,10482,9,0,14,3,4,80,1,24,1,3,20,6,3,6,1
33,5,1099,4,1,34,2,3,2,7119,4,0,15,3,3,80,1,9,2,3,3,2,1,2,4
35,4,1100,4,1,86,3,3,0,9582,0,1,22,4,1,80,0,9,2,3,8,7,4,7,1
33,29,1101,1,0,54,2,2,0,4508,1,0,22,4,2,80,0,14,4,3,13,7,3,8,3
28,15,1102,1,1,50,3,1,2,2207,1,0,16,3,4,80,1,4,5,2,4,2,2,2,3
34,3,1103,1,1,45,3,2,0,7756,0,0,17,3,3,80,0,7,1,2,6,2,0,4,4
37,10,1105,4,0,88,2,2,2,6694,2,1,14,3,3,80,3,8,5,3,1,0,0,0,4
25,4,1106,4,1,32,3,1,1,3691,1,1,15,3,2,80,1,7,3,4,7,7,5,6,4
26,21,1107,1,1,37,3,1,2,2377,1,0,20,4,3,80,1,1,0,2,1,1,0,0,3
33,25,1108,1,1,55,2,1,0,2313,4,1,20,4,2,80,0,5,0,3,2,2,2,2,2
42,2,1109,4,1,35,3,4,1,17665,0,0,17,3,4,80,1,23,3,3,22,6,13,7,1
28,1,1111,1,1,45,2,1,2,2596,1,0,15,3,1,80,2,1,2,3,1,0,0,0,2
50,1,1113,4,1,81,3,2,0,4728,3,1,14,3,4,80,0,5,4,3,0,0,0,0,3
33,7,1114,4,0,30,3,2,1,4302,0,0,17,3,3,80,1,4,3,3,3,2,0,2,2
34,3,1115,3,1,40,2,1,1,2979,3,0,17,3,4,80,3,6,2,3,0,0,0,0,4
48,1,1116,1,1,35,4,4,0,16885,2,0,22,4,3,80,0,27,3,2,5,4,2,1,4
45,9,1117,2,0,65,2,2,1,5593,1,0,13,3,4,80,1,15,2,3,15,10,4,12,3
52,7,1118,2,1,87,3,3,0,10445,7,0,19,3,4,80,0,18,4,3,8,6,4,0,2
38,10,1119,3,1,73,2,3,2,8740,0,1,14,3,2,80,2,9,2,3,8,7,2,7,3
29,28,1120,3,0,93,3,1,2,2514,4,0,22,4,1,80,1,11,1,3,7,5,1,7,4
28,3,1121,4,0,93,3,3,2,7655,0,0,17,3,2,80,3,10,3,2,9,7,1,7,2
46,3,1124,1,1,52,3,4,1,17465,3,0,12,3,4,80,1,23,3,3,12,9,4,9,3
38,2,1125,4,1,32,3,3,0,7351,7,0,16,3,3,80,0,10,2,3,1,0,0,0,2
43,27,1126,3,0,83,3,3,1,10820,8,0,11,3,3,80,1,18,1,3,8,7,0,1,1
39,2,1127,1,1,84,3,4,2,12169,7,0,11,3,4,80,3,21,4,3,18,7,11,5,4
40,14,1128,3,1,44,2,5,0,19626,1,0,14,3,1,80,0,21,2,4,20,7,4,9,3
21,1,1131,4,0,70,2,1,0,2070,1,1,11,3,3,80,0,2,6,4,2,2,2,2,2
39,9,1132,3,1,70,3,2,0,6782,9,0,15,3,3,80,0,9,2,2,5,4,0,3,2
36,18,1133,1,1,78,3,2,0,7779,2,0,20,4,1,80,0,18,0,3,11,9,0,9,4
31,20,1135,3,1,67,4,1,1,2791,0,0,12,3,1,80,1,3,4,3,2,2,2,2,4
28,2,1136,1,1,67,2,1,1,3201,0,0,17,3,1,80,0,6,2,1,5,3,0,4,2
35,11,1137,4,1,54,3,2,2,4968,1,0,11,3,4,80,1,5,3,3,5,2,0,2,4
49,8,1138,4,1,56,2,4,1,13120,6,0,17,3,2,80,1,22,3,3,9,8,2,3,2
34,2,1140,4,1,95,3,2,0,4033,2,0,11,3,4,80,0,5,3,2,3,2,0,2,3
29,10,1143,4,0,61,3,1,2,3291,0,0,14,3,4,80,2,8,2,2,7,5,1,1,2
42,29,1148,2,1,56,1,2,0,4272,4,0,19,3,1,80,0,16,3,3,1,0,0,0,4
29,8,1150,2,1,79,2,2,1,5056,1,1,15,3,3,80,1,10,2,2,10,7,1,2,4
38,1,1152,3,1,37,4,1,1,2844,1,0,13,3,4,80,1,7,2,4,7,6,5,0,3
28,6,1154,3,1,39,2,1,2,2703,1,1,14,3,4,80,1,3,2,3,3,1,0,2,3
18,8,1156,3,1,80,3,1,0,1904,1,0,12,3,4,80,0,0,0,3,0,0,0,0,3
33,9,1157,1,0,77,3,2,0,8224,0,1,17,3,1,80,0,6,3,3,5,2,0,3,1
41,12,1158,2,1,46,3,1,1,4766,3,1,11,3,1,80,1,6,4,3,1,0,0,0,4
31,15,1160,3,1,72,3,1,1,2610,1,0,12,3,3,80,1,2,5,2,2,2,2,2,3
37,25,1161,3,0,52,2,2,2,5731,7,0,13,3,3,80,2,9,2,3,6,2,1,3,4
27,6,1162,4,1,55,2,1,1,2539,1,0,13,3,3,80,1,4,0,3,4,2,2,2,3
34,9,1163,2,0,70,3,2,1,5714,1,0,20,4,1,80,0,6,3,2,6,5,1,3,3
35,8,1164,3,1,100,3,1,0,4323,1,0,17,3,2,80,0,6,2,1,5,4,1,4,3
29,23,1165,4,0,45,2,3,1,7336,1,0,13,3,1,80,1,11,3,1,11,8,3,10,1
40,9,1166,2,0,88,3,3,0,13499,9,0,17,3,3,80,0,20,3,2,18,7,2,13,3
42,12,1167,3,1,44,3,4,0,13758,0,1,12,3,2,80,0,22,2,2,21,9,13,14,1
42,4,1171,2,1,45,3,2,0,5155,7,0,13,3,4,80,0,9,3,4,6,4,1,5,1
35,1,1172,4,1,58,2,1,1,2258,6,0,12,3,2,80,1,10,2,3,8,0,1,7,3
24,24,1173,4,1,49,3,1,0,3597,8,0,22,4,4,80,0,6,2,3,4,3,1,2,2
28,12,1175,3,0,79,3,1,1,2515,1,1,11,3,4,80,0,1,4,2,1,1,0,0,4
26,3,1177,1,1,82,4,1,1,4420,1,0,22,4,2,80,1,8,2,3,8,7,0,7,4
30,10,1179,3,1,72,2,2,1,6578,1,0,18,3,1,80,1,10,3,3,10,3,1,4,3
40,26,1180,3,0,92,2,2,1,4422,3,1,13,3,4,80,1,16,3,1,1,1,0,0,4
35,2,1182,3,1,44,2,3,2,10274,2,0,18,3,2,80,1,15,2,4,7,7,6,4,2
34,1,1184,4,1,97,2,2,0,5343,0,0,20,4,3,80,0,14,3,3,13,9,4,9,1
35,4,1185,4,1,47,2,1,1,2376,1,0,13,3,2,80,1,2,2,4,2,2,2,2,4
43,9,1188,1,0,85,1,2,0,5346,8,0,13,3,2,80,0,7,2,2,4,3,1,3,3
32,2,1190,3,0,76,3,1,2,2827,1,0,12,3,3,80,3,1,3,3,1,0,0,0,1
56,4,1191,4,0,92,3,5,2,19943,4,0,13,3,4,80,1,28,2,3,5,2,4,2,1
29,6,1192,2,0,54,3,1,1,3131,1,0,13,3,1,80,1,10,5,3,10,8,0,8,4
19,9,1193,3,1,54,3,1,0,2552,1,0,25,4,3,80,0,1,4,3,1,1,0,0,1
45,7,1195,1,0,83,3,1,1,4477,4,1,19,3,3,80,1,7,2,2,3,2,0,2,3
37,1,1196,4,0,56,2,2,1,6474,1,0,13,3,2,80,1,14,2,2,14,8,3,11,4
20,3,1198,1,1,87,2,1,0,3033,1,0,12,3,1,80,0,2,2,2,2,2,1,2,3
44,10,1200,3,1,96,3,1,0,2936,1,1,11,3,3,80,0,6,4,3,6,4,0,2,3
53,7,1201,4,0,50,3,5,2,18606,3,0,18,3,2,80,1,26,6,3,7,7,4,7,3
29,15,1202,2,0,69,1,1,1,2168,0,1,18,3,1,80,1,6,2,2,5,4,1,3,4
22,3,1203,3,1,48,2,1,1,2853,0,1,11,3,2,80,1,1,5,3,0,0,0,0,4
46,2,1204,3,0,69,3,4,1,17048,8,0,23,4,1,80,0,28,2,3,26,15,15,9,1
44,17,1206,4,1,74,1,1,0,2290,2,0,13,3,4,80,0,6,3,3,0,0,0,0,3
33,2,1207,2,1,99,3,1,1,3600,1,0,13,3,4,80,1,5,2,3,5,4,1,4,3
41,5,1210,1,1,95,2,1,2,2107,6,0,17,3,1,80,1,5,2,1,1,0,0,0,1
30,29,1211,3,1,61,3,2,2,4115,8,0,19,3,3,80,3,8,3,3,4,3,0,3,1
40,2,1212,2,1,62,3,2,1,4327,5,0,12,3,4,80,3,5,2,3,0,0,0,0,2
50,2,1215,4,0,30,3,4,1,17856,2,0,22,4,3,80,1,32,3,3,2,2,2,2,1
28,19,1216,4,1,78,2,1,1,3196,1,0,12,3,3,80,3,6,2,3,6,5,3,3,1
46,15,1217,4,1,52,3,5,1,19081,5,0,11,3,1,80,1,25,2,3,4,2,0,3,2
35,17,1218,3,1,94,3,2,1,8966,3,1,15,3,4,80,3,15,2,3,7,7,1,7,1
24,17,1219,4,0,97,3,1,1,2210,1,0,13,3,1,80,1,1,3,1,1,0,0,0,2
33,25,1220,2,0,82,3,2,1,4539,1,0,12,3,1,80,1,10,3,2,10,7,0,1,3
36,6,1221,3,1,60,1,1,2,2741,1,0,14,3,3,80,1,7,4,3,7,7,1,7,3
30,7,1224,3,1,49,3,2,2,3491,1,0,13,3,1,80,3,10,4,2,10,7,8,9,3
44,29,1225,4,1,32,3,2,0,4541,1,0,25,4,2,80,0,20,3,3,20,11,13,17,4
20,21,1226,3,1,43,4,1,0,2678,1,0,17,3,4,80,0,2,2,3,2,1,2,2,4
46,2,1228,4,1,60,3,2,2,7379,2,0,11,3,3,80,1,12,3,2,6,3,1,4,4
42,2,1231,4,1,79,4,2,1,6272,7,0,16,3,1,80,1,10,3,4,4,3,0,3,1
60,7,1233,2,1,52,4,2,2,5220,0,1,18,3,2,80,1,12,3,3,11,7,1,9,4
32,13,1234,3,0,77,2,1,1,2743,1,0,20,4,3,80,1,2,2,3,2,2,2,2,2
32,2,1235,4,0,38,3,2,0,4998,4,1,14,3,4,80,0,10,2,3,8,7,0,7,3
36,1,1237,3,0,77,1,3,2,10252,2,1,21,4,3,80,1,17,2,3,7,7,7,7,1
33,9,1238,1,1,60,3,1,1,2781,0,0,13,3,2,80,1,15,5,3,14,10,4,10,4
40,10,1239,2,0,84,2,2,2,6852,7,0,12,3,2,80,1,7,2,4,5,1,1,3,2
25,10,1240,3,1,57,3,2,0,4950,0,0,14,3,2,80,0,5,4,3,4,3,1,1,4
30,1,1241,4,1,63,3,1,1,3579,0,1,21,4,1,80,1,12,2,3,11,9,5,7,2
42,26,1242,1,0,60,3,3,1,13191,3,1,17,3,3,80,0,20,6,3,1,0,0,0,1
35,8,1243,3,0,78,2,3,1,10377,4,1,11,3,2,80,1,16,6,2,13,2,4,12,4
27,14,1244,1,1,42,3,1,1,2235,1,1,14,3,4,80,2,9,3,2,9,7,6,8,1
54,1,1245,4,0,53,3,3,2,10502,7,0,17,3,1,80,1,33,2,1,5,4,1,4,3
44,2,1246,1,0,72,4,1,1,2011,1,0,13,3,4,80,1,10,5,3,10,5,7,7,4
19,10,1248,1,0,96,2,1,0,1859,1,1,25,4,2,80,0,1,2,4,1,1,0,0,2
29,1,1249,1,0,97,3,1,2,3760,1,0,15,3,1,80,3,3,5,3,3,2,1,2,4
54,3,1250,4,1,85,3,4,1,17779,3,0,14,3,1,80,0,36,2,3,10,9,0,9,4
31,11,1251,3,1,80,3,2,1,6833,1,1,12,3,4,80,0,6,2,2,6,5,0,1,1
31,24,1252,3,0,96,2,2,0,6812,1,0,19,3,2,80,0,10,2,3,10,9,1,8,1
59,3,1254,3,0,48,2,2,0,5171,5,0,17,3,4,80,0,13,2,3,6,1,0,5,4
43,3,1255,3,1,96,1,5,1,19740,3,0,14,3,2,80,1,25,2,3,8,7,0,7,4
49,4,1256,1,1,85,2,5,1,18711,2,0,13,3,3,80,1,23,2,4,1,0,0,0,3
36,3,1257,3,1,46,3,1,1,3692,1,0,12,3,3,80,0,12,2,2,11,10,0,7,2
48,2,1258,4,1,76,4,1,0,2559,5,0,11,3,3,80,0,7,4,2,1,0,0,0,2
27,4,1259,1,1,76,3,1,2,2517,1,0,11,3,2,80,3,5,2,3,5,3,0,3,3
29,7,1260,3,1,82,3,2,2,6623,1,1,11,3,2,80,2,6,2,3,6,0,1,0,4
48,1,1263,4,1,76,2,5,0,18265,6,0,12,3,3,80,0,25,3,4,1,0,0,0,4
29,1,1264,4,0,87,2,4,2,16124,3,0,14,3,2,80,2,9,2,2,7,7,1,7,4
34,20,1265,3,0,89,4,1,1,2585,0,0,17,3,4,80,0,2,5,2,1,0,0,0,3
44,5,1267,2,1,88,3,5,1,18213,7,0,11,3,3,80,1,26,5,3,22,9,3,10,2
33,10,1268,4,1,82,4,3,2,8380,0,1,14,3,4,80,2,10,3,3,9,8,0,8,3
19,25,1269,2,0,57,4,1,0,2994,1,1,12,3,4,80,0,1,2,3,1,0,0,1,4
23,1,1270,4,1,47,3,1,1,1223,1,0,22,4,4,80,1,1,2,3,1,0,0,1,3
25,24,1273,3,1,73,1,1,0,1118,1,1,14,3,4,80,0,1,4,3,1,0,1,0,4
26,4,1275,3,1,53,3,1,0,2875,1,1,20,4,2,80,0,8,2,2,8,5,2,2,4
45,2,1277,1,0,94,1,5,0,18824,2,1,16,3,1,80,0,26,2,3,24,10,1,11,2
55,8,1278,4,1,37,2,4,2,13577,1,1,15,3,4,80,1,34,3,3,33,9,15,0,2
21,10,1279,1,0,45,2,1,0,2625,1,0,20,4,3,80,0,2,2,1,2,2,2,2,3
46,4,1280,4,0,33,2,5,1,18789,2,0,14,3,3,80,1,26,2,3,11,4,0,8,2
34,2,1281,3,0,86,3,2,0,4538,0,1,12,3,4,80,0,4,3,3,3,2,0,2,1
51,9,1282,4,1,83,3,5,2,19847,4,1,24,4,1,80,1,31,5,2,29,10,11,10,2
59,18,1283,4,1,67,3,3,0,10512,6,0,12,3,4,80,0,25,6,2,9,7,5,4,4
34,19,1285,3,0,46,3,2,2,4444,4,0,13,3,3,80,2,15,2,4,11,8,5,10,2
28,1,1286,4,1,44,3,1,0,2154,0,1,11,3,3,80,0,5,2,2,4,2,0,2,3
44,4,1288,3,1,92,4,5,2,19190,1,0,14,3,4,80,2,26,4,2,25,9,14,13,1
34,11,1289,3,1,56,2,2,1,4490,4,0,11,3,4,80,2,14,5,4,10,9,1,8,2
35,6,1291,3,1,66,3,1,1,3506,0,1,14,3,4,80,0,4,3,3,3,2,2,2,3
42,7,1292,2,0,78,4,2,1,2372,6,1,16,3,4,80,0,18,2,3,1,0,0,0,2
43,4,1293,4,0,56,2,3,0,10231,3,0,14,3,4,80,0,23,3,4,21,7,15,17,4
36,2,1294,3,0,53,3,2,0,5410,9,1,11,3,4,80,0,18,2,3,16,14,5,12,2
44,15,1295,1,0,73,3,3,1,7978,1,0,11,3,4,80,1,10,2,3,10,7,0,5,4
28,2,1296,4,1,52,2,1,1,3867,1,1,12,3,2,80,1,2,2,3,2,2,2,2,4
51,6,1297,2,0,40,2,1,0,2838,0,0,14,3,2,80,0,8,6,2,7,0,7,7,3
30,9,1298,3,0,72,3,2,0,4695,7,1,18,3,3,80,0,10,3,3,8,4,1,7,3
29,7,1299,2,0,39,3,1,2,3339,3,1,13,3,1,80,2,10,2,3,7,7,7,7,3
28,1,1301,4,1,84,3,1,0,2080,2,0,11,3,2,80,0,5,2,2,3,2,1,2,1
25,1,1303,4,0,40,3,1,0,2096,1,0,18,3,4,80,0,2,3,2,2,2,2,1,2
32,8,1304,3,1,56,4,2,1,6209,1,0,15,3,3,80,2,10,4,4,10,7,0,8,4
45,25,1306,2,0,83,3,5,0,18061,3,0,22,4,3,80,0,22,4,3,0,0,0,0,2
39,13,1307,3,0,94,2,4,2,17123,6,1,13,3,4,80,2,21,4,3,19,9,15,2,2
58,23,1308,1,1,88,3,1,2,2372,1,0,12,3,4,80,2,2,3,3,2,2,2,2,3
32,7,1309,4,1,79,3,2,1,4883,1,0,18,3,1,80,1,10,3,3,10,4,1,1,3
39,23,1310,3,1,93,3,1,0,3904,0,0,13,3,1,80,0,6,2,3,5,2,0,3,1
30,6,1311,1,0,48,2,2,1,4627,0,0,12,3,1,80,1,10,6,3,9,2,6,7,4
36,10,1312,4,0,63,3,3,1,7094,3,0,12,3,1,80,0,10,0,3,7,7,1,7,3
46,1,1314,4,0,44,3,1,0,3423,6,0,12,3,3,80,0,10,3,4,7,6,5,7,1
28,1,1315,3,0,55,1,2,1,6674,0,0,11,3,1,80,3,10,6,3,9,8,7,5,4
50,28,1317,4,0,43,3,4,1,16880,4,1,11,3,2,80,0,25,2,3,3,2,1,2,1
40,25,1318,4,1,57,2,3,0,9094,2,1,12,3,3,80,0,9,2,3,5,4,1,0,2
52,5,1319,2,1,64,3,3,0,8446,9,1,19,3,3,80,0,10,2,2,8,7,7,7,2
30,17,1321,2,0,95,3,3,1,11916,1,1,23,4,4,80,2,9,2,3,9,1,0,8,1
39,18,1322,1,1,32,3,2,0,4534,0,0,11,3,1,80,0,9,6,3,8,7,1,7,3
31,2,1324,4,0,57,3,3,2,9852,1,1,19,3,1,80,1,10,5,2,10,8,9,6,3
41,10,1329,3,1,40,1,2,0,6151,1,0,13,3,1,80,0,19,4,3,19,2,11,9,2
31,1,1331,4,0,54,3,1,0,2302,1,1,11,3,1,80,0,3,2,4,3,2,2,2,2
44,3,1333,1,1,89,3,1,1,2362,4,0,12,3,3,80,0,10,4,4,3,2,1,2,1
42,2,1334,3,1,37,3,4,1,17861,0,1,13,3,4,80,0,21,3,2,20,8,2,10,3
55,2,1336,4,0,58,1,5,1,19187,4,0,14,3,4,80,1,23,5,3,19,9,9,11,3
56,8,1338,4,1,99,3,5,0,19717,6,0,14,3,1,80,0,36,4,3,7,3,7,7,2
40,16,1340,3,1,74,3,1,2,3544,9,0,16,3,2,80,1,6,0,3,4,2,0,0,3
34,9,1344,4,1,86,3,3,2,8500,0,0,11,3,4,80,1,10,0,2,9,7,1,6,4
40,2,1346,3,1,98,3,2,0,4661,1,0,13,3,3,80,0,9,4,3,9,8,8,8,4
41,1,1349,3,0,66,3,2,2,4103,0,0,17,3,4,80,1,10,2,3,9,3,1,7,1
35,4,1350,3,1,87,3,2,0,4249,1,1,11,3,2,80,0,9,3,3,9,6,1,1,3
51,5,1352,3,1,84,3,4,2,14026,1,1,11,3,2,80,1,33,2,3,33,9,0,10,2
38,2,1355,2,0,31,3,2,2,6893,3,0,15,3,4,80,1,11,3,3,7,7,1,7,1
34,15,1356,3,0,66,3,2,0,6125,1,0,12,3,4,80,0,10,6,4,10,8,9,6,1
25,19,1358,4,1,67,3,1,1,3669,3,0,11,3,3,80,3,7,6,2,3,2,1,2,4
58,7,1360,3,0,53,2,3,1,10008,7,1,14,3,4,80,0,31,0,2,10,9,5,9,1
40,1,1361,2,1,88,3,1,1,2387,3,0,22,4,3,80,1,7,3,3,4,2,0,3,2
36,7,1362,1,0,83,4,2,1,4639,2,0,16,3,4,80,1,17,2,2,15,7,6,13,1
48,4,1363,4,1,54,3,3,0,7898,1,0,11,3,3,80,0,11,2,3,10,9,0,8,4
27,11,1364,3,0,98,4,1,1,2534,8,0,14,3,2,80,1,5,4,3,1,0,0,0,4
51,11,1367,4,0,82,2,4,0,13142,3,0,16,3,2,80,0,29,1,2,5,2,0,3,2
18,1,1368,4,0,97,3,1,0,1611,1,0,15,3,3,80,0,0,5,4,0,0,0,0,4
35,1,1369,4,0,60,2,2,1,5363,0,0,12,3,2,80,1,10,0,3,9,7,0,0,4
27,2,1371,4,1,43,1,2,0,5071,3,0,20,4,2,80,0,8,3,3,6,2,0,0,4
55,13,1372,1,1,85,4,4,0,13695,6,1,17,3,3,80,0,24,2,2,19,7,3,8,3
56,23,1373,4,1,68,3,4,1,13402,4,1,12,3,1,80,1,33,0,3,19,16,15,9,2
34,26,1374,1,0,92,2,1,2,2029,1,0,20,4,3,80,3,5,2,3,5,4,0,0,3
40,2,1375,2,0,89,4,2,2,6377,5,0,20,4,2,80,3,15,0,3,12,11,11,8,3
34,29,1377,2,1,86,3,2,1,5429,4,0,13,3,1,80,2,10,1,3,8,7,7,7,3
31,2,1379,3,0,90,2,1,0,2785,7,0,14,3,3,80,0,3,3,4,1,0,0,0,4
35,18,1380,4,0,67,3,2,1,4614,0,1,18,3,3,80,1,5,0,2,4,2,3,2,3
38,7,1382,4,1,57,4,1,2,2610,1,0,11,3,4,80,3,4,2,3,4,2,0,3,3
34,2,1383,3,0,98,3,2,0,6687,1,0,11,3,4,80,0,14,2,4,14,11,4,11,4
28,26,1387,3,1,48,2,2,1,4724,1,0,11,3,3,80,1,5,0,3,5,3,0,4,1
31,22,1389,4,1,98,3,2,1,6179,1,1,15,3,4,80,2,10,3,2,10,2,6,7,3
39,21,1390,1,1,44,2,2,1,6120,3,1,12,3,4,80,2,8,2,4,5,4,1,4,4
51,2,1391,2,1,52,3,3,1,10596,2,0,11,3,2,80,0,14,5,3,4,2,3,2,2
41,22,1392,4,0,75,3,2,2,5467,3,1,14,3,1,80,2,12,4,2,6,2,3,3,4
37,4,1394,3,1,54,3,1,1,2996,7,1,15,3,4,80,0,8,2,3,6,4,1,3,3
33,5,1395,2,1,61,3,2,1,9998,6,0,13,3,1,80,0,8,2,4,5,4,1,2,4
32,2,1396,3,1,36,3,2,1,4078,0,1,13,3,1,80,3,4,3,2,3,2,1,2,2
39,25,1397,3,1,71,3,3,1,10920,3,0,21,4,2,80,1,13,2,3,6,4,0,5,3
25,18,1399,1,1,93,4,2,1,6232,2,0,11,3,2,80,0,6,3,2,3,2,1,2,3
52,28,1401,4,0,59,4,4,1,13247,2,1,11,3,2,80,1,24,3,2,5,3,0,2,3
43,6,1402,1,0,73,2,2,0,4081,1,1,14,3,1,80,0,20,3,1,20,7,1,8,3
27,10,1403,4,0,98,2,2,1,5769,1,1,11,3,4,80,0,6,3,3,6,2,4,4,4
27,17,1405,4,0,51,3,1,0,2394,1,1,13,3,4,80,0,8,2,3,8,2,7,7,3
26,2,1407,1,1,36,2,1,0,3904,0,0,12,3,4,80,0,5,2,3,4,3,1,1,4
42,10,1408,3,0,31,3,4,1,16799,0,0,14,3,3,80,1,21,5,3,20,7,0,9,1
52,8,1409,3,0,54,3,1,1,2950,9,0,13,3,3,80,0,12,2,1,5,4,0,4,1
37,11,1411,1,0,94,3,1,0,3629,4,0,18,3,1,80,0,8,6,3,3,2,0,2,3
35,18,1412,3,1,60,3,3,0,9362,2,0,11,3,3,80,0,10,2,3,2,2,2,2,4
25,1,1415,1,1,81,3,1,1,3229,4,0,11,3,2,80,1,7,2,2,3,2,0,2,4
26,7,1417,3,1,100,4,1,0,3578,0,0,12,3,4,80,0,8,2,3,7,7,0,7,1
29,17,1419,2,1,51,2,3,0,7988,1,0,13,3,1,80,0,10,3,2,10,9,0,9,1
49,28,1420,1,1,97,2,2,0,4284,3,0,20,4,1,80,0,20,2,3,4,3,1,3,1
29,14,1421,3,0,84,3,3,0,7553,0,1,12,3,1,80,0,9,1,3,8,7,7,7,4
54,1,1422,4,0,54,3,4,0,17328,6,0,19,3,4,80,0,29,3,2,20,7,12,7,4
58,1,1423,4,0,76,3,5,1,19701,3,1,21,4,3,80,1,32,3,3,9,8,1,5,1
55,1,1424,2,1,81,4,4,2,14732,2,0,13,3,4,80,2,31,4,4,7,7,0,0,4
36,3,1425,1,0,99,3,2,0,9278,3,1,16,3,4,80,0,15,3,3,5,4,0,1,2
31,1,1427,2,0,50,1,1,0,1359,1,0,12,3,2,80,0,1,3,3,1,0,0,0,3
30,7,1428,4,0,73,3,2,2,4779,7,0,14,3,2,80,2,8,3,3,3,2,0,2,1
31,8,1430,1,0,93,3,4,0,16422,3,0,11,3,3,80,0,9,3,4,3,2,1,0,2
34,1,1431,4,1,91,3,1,2,2996,5,0,14,3,3,80,2,10,2,3,4,3,1,3,1
31,8,1433,1,0,34,2,1,0,1261,1,0,12,3,3,80,0,1,3,4,1,0,0,0,2
27,11,1434,2,1,91,3,1,1,2099,0,0,14,3,2,80,0,6,3,4,5,0,1,4,1
36,4,1435,1,1,37,2,2,0,5810,1,0,16,3,3,80,0,10,2,2,10,4,1,8,4
36,16,1436,3,0,98,2,2,1,5647,4,0,13,3,1,80,2,11,3,2,3,2,0,2,1
47,1,1438,1,1,74,3,1,1,3420,7,0,12,3,3,80,1,17,2,2,6,5,1,2,4
25,9,1439,1,1,68,2,1,1,4400,3,0,12,3,1,80,0,6,2,3,3,2,2,2,1
37,5,1440,3,1,84,4,1,0,3500,0,0,14,3,1,80,0,7,2,1,6,5,1,3,3
56,1,1441,1,0,90,3,1,1,2066,2,0,22,4,4,80,1,5,3,4,3,2,1,0,1
47,2,1443,1,0,82,3,4,1,17169,3,0,19,3,2,80,2,26,2,4,20,17,5,6,3
24,4,1445,4,0,42,3,2,1,4162,1,1,12,3,3,80,2,5,3,3,5,4,0,3,3
32,7,1446,4,1,97,3,2,1,9204,4,0,12,3,3,80,1,7,3,2,4,3,0,3,4
34,1,1447,4,0,86,2,1,1,3294,5,0,17,3,1,80,1,7,2,2,5,4,0,2,2
41,5,1448,2,1,90,4,1,1,2127,2,1,12,3,1,80,0,7,5,2,4,2,0,3,3
40,9,1449,3,1,81,3,2,2,3975,3,0,11,3,3,80,2,11,2,4,8,7,0,7,3
31,8,1453,1,1,31,3,3,2,10793,1,0,18,3,1,80,1,13,5,3,13,7,9,9,4
46,9,1457,1,1,52,3,3,2,10096,4,0,11,3,1,80,1,28,1,4,7,7,4,3,4
39,2,1458,1,0,54,2,1,0,3646,2,1,23,4,2,80,0,11,2,4,1,0,0,0,1
31,1,1459,3,0,100,4,3,0,7446,1,0,11,3,1,80,0,10,2,3,10,8,4,7,2
45,20,1460,2,1,95,1,3,2,10851,2,1,18,3,2,80,1,24,2,3,7,7,0,7,1
31,8,1461,4,0,96,4,1,0,2109,9,0,18,3,4,80,0,8,3,3,3,2,0,2,2
31,2,1464,2,1,94,3,1,1,3722,6,1,13,3,3,80,1,7,2,1,2,2,2,2,4
45,29,1465,2,1,55,3,3,1,9380,4,1,18,3,4,80,2,10,4,4,3,1,1,2,4
48,7,1466,3,1,96,3,2,2,5486,4,0,11,3,1,80,3,15,3,3,2,2,2,2,1
34,9,1467,1,0,52,3,1,1,2742,1,0,15,3,4,80,0,2,0,3,2,2,2,2,3
40,8,1468,4,1,55,2,3,2,13757,2,0,11,3,3,80,1,16,5,3,9,8,4,8,2
28,5,1469,4,1,84,3,2,0,8463,0,0,18,3,4,80,0,6,4,3,5,4,1,3,1
44,5,1471,3,1,90,2,1,0,3162,3,0,14,3,4,80,0,7,5,3,5,2,0,3,3
53,2,1472,4,1,39,4,4,0,16598,4,0,12,3,2,80,0,35,2,2,9,8,8,8,2
49,5,1473,1,1,96,3,2,1,6651,2,0,14,3,2,80,1,20,0,2,3,2,1,2,3
40,2,1474,3,1,68,3,1,2,2345,2,0,14,3,3,80,1,8,3,4,3,1,1,2,3
44,20,1475,4,1,49,3,1,0,3420,1,0,13,3,3,80,0,6,3,2,5,2,1,3,2
33,7,1477,4,1,54,3,2,1,4373,0,0,14,3,1,80,2,5,2,3,4,3,0,3,1
34,3,1478,4,1,81,1,2,0,4759,3,0,18,3,4,80,0,15,2,3,13,9,3,12,1
30,16,1479,4,1,96,3,2,1,5301,8,0,15,3,3,80,2,4,2,2,2,1,2,2,3
42,9,1480,1,0,74,3,1,0,3673,1,0,13,3,3,80,0,12,3,3,12,9,5,8,4
44,1,1481,1,0,79,3,2,1,4768,7,0,12,3,3,80,1,11,4,2,1,0,0,0,3
30,7,1482,3,1,64,3,1,2,1274,1,0,13,3,2,80,2,1,2,2,1,0,0,0,3
57,1,1483,2,1,93,4,2,1,4900,0,0,24,4,1,80,1,13,2,2,12,9,2,8,3
49,7,1484,3,1,35,3,3,2,10466,3,0,14,3,2,80,2,29,3,3,8,7,0,7,2
34,15,1485,2,1,71,3,4,2,17007,7,0,14,3,4,80,2,16,3,2,14,8,6,9,1
28,1,1486,1,1,92,3,1,1,2909,3,0,15,3,4,80,1,5,3,4,3,2,1,2,3
29,13,1487,1,0,51,3,2,0,5765,5,0,11,3,1,80,0,7,4,1,5,3,0,0,2
34,24,1489,1,0,40,2,2,0,4599,0,1,23,4,3,80,0,16,2,4,15,9,10,10,2
35,7,1492,4,1,76,3,1,1,2404,1,0,13,3,1,80,1,1,3,3,1,0,0,0,3
24,9,1494,2,1,89,3,1,0,3172,2,1,11,3,3,80,0,4,2,2,0,0,0,0,1
24,13,1495,4,0,78,3,1,1,2033,1,0,13,3,3,80,1,1,2,3,1,0,0,0,2
44,2,1496,2,1,86,3,3,0,10209,5,1,18,3,2,80,0,16,2,2,2,2,2,2,3
29,19,1497,3,1,77,2,2,2,8620,1,0,14,3,3,80,2,10,3,3,10,7,0,4,3
30,1,1499,3,1,46,3,1,2,2064,0,0,21,4,1,80,1,6,3,4,5,3,1,3,3
55,4,1501,4,1,30,3,2,1,4035,0,1,16,3,2,80,0,4,2,3,3,2,1,2,3
33,4,1502,1,0,82,2,1,1,3838,8,0,11,3,4,80,0,8,5,3,5,4,0,2,2
47,14,1503,3,0,78,3,2,1,4591,3,1,17,3,3,80,1,11,4,2,5,4,1,2,3
28,2,1504,3,1,38,2,1,0,2561,7,0,11,3,3,80,0,8,2,2,0,0,0,0,1
28,1,1506,1,1,72,2,1,2,1563,1,0,14,3,4,80,1,1,2,1,1,0,0,0,3
28,7,1507,3,1,55,3,2,0,4898,0,0,14,3,4,80,0,5,5,3,4,2,1,3,1
49,3,1509,3,0,43,2,2,1,4789,4,0,25,4,1,80,1,10,3,3,3,2,1,2,1
29,2,1513,4,0,97,3,1,1,3180,0,0,13,3,3,80,3,4,3,3,3,2,0,2,2
28,29,1514,3,1,96,1,2,1,6549,1,0,14,3,2,80,2,8,2,2,8,6,1,7,2
33,8,1515,4,1,69,3,2,0,6388,2,1,17,3,1,80,0,14,6,3,0,0,0,0,3
32,10,1516,3,1,64,3,3,0,11244,2,0,25,4,2,80,0,10,5,4,5,2,0,0,4
54,11,1520,2,0,87,3,4,2,16032,3,0,20,4,1,80,1,26,2,3,14,9,1,12,4
29,1,1522,1,1,100,2,1,0,2362,6,0,13,3,3,80,0,11,2,1,9,7,0,7,1
44,28,1523,4,1,32,3,4,1,16328,3,0,13,3,3,80,1,24,1,4,20,6,14,17,1
39,6,1525,2,0,32,3,3,0,8376,4,0,18,3,4,80,0,9,3,3,2,0,2,2,2
46,3,1527,3,0,51,3,4,1,16606,8,0,12,3,4,80,1,23,2,4,13,12,5,1,2
35,16,1529,4,0,91,2,3,0,8606,1,0,19,3,4,80,0,11,3,1,11,8,3,3,2
23,20,1533,1,1,97,3,2,0,2272,0,0,14,3,2,80,0,5,2,3,4,3,1,2,3
40,9,1534,4,1,86,3,1,0,2018,3,0,14,3,2,80,0,15,3,1,5,4,1,0,1
34,1,1535,4,1,64,2,3,1,7083,1,1,14,3,4,80,0,10,3,3,10,9,8,6,3
31,3,1537,4,0,33,3,1,0,4084,1,0,12,3,1,80,0,7,2,1,7,2,7,7,3
50,22,1539,3,1,88,1,4,0,14411,1,1,13,3,4,80,0,32,2,3,32,6,13,9,4
34,7,1541,2,1,55,3,1,1,2308,0,1,25,4,2,80,1,12,4,3,11,10,5,7,3
42,2,1542,3,1,68,2,1,1,4841,4,0,14,3,2,80,1,4,3,3,1,0,0,0,2
37,13,1543,1,1,47,3,2,1,4285,1,0,17,3,1,80,0,10,2,3,10,8,3,7,4
29,8,1544,3,0,39,1,2,1,9715,3,0,13,3,3,80,1,9,3,3,7,7,0,7,1
33,25,1545,4,1,44,2,2,0,4320,1,0,13,3,4,80,0,5,2,3,5,3,0,2,2
45,28,1546,4,1,97,3,1,1,2132,4,0,20,4,4,80,1,8,3,3,5,4,0,3,4
42,2,1547,4,1,40,3,3,1,10124,2,1,14,3,3,80,1,24,3,1,20,8,13,9,4
40,9,1548,1,1,47,3,2,1,5473,0,0,12,3,4,80,0,9,5,4,8,4,7,1,1
33,28,1549,2,1,79,3,2,1,5207,1,1,12,3,2,80,1,15,3,3,15,14,5,7,3
40,6,1550,3,1,38,3,4,0,16437,1,1,21,4,4,80,0,21,2,3,21,7,7,7,4
24,21,1551,3,1,57,2,1,2,2296,0,0,14,3,2,80,3,2,3,3,1,1,0,0,1
40,8,1552,4,1,72,3,2,2,4069,3,1,18,3,3,80,0,8,2,3,2,2,2,2,4
45,1,1553,1,1,66,3,3,2,7441,1,0,12,3,1,80,3,10,4,3,10,8,7,7,2
35,28,1554,2,0,98,2,1,1,2430,0,0,23,4,1,80,2,6,5,3,5,3,4,2,3
32,5,1555,4,0,67,2,2,1,5878,3,0,12,3,1,80,1,12,2,3,7,1,2,5,2
36,2,1556,3,1,70,3,1,0,2644,3,1,21,4,4,80,0,7,3,2,3,2,1,2,4
48,16,1557,3,0,96,3,2,2,6439,8,0,14,3,3,80,1,18,2,3,8,7,7,7,3
29,9,1558,3,1,91,4,1,1,2451,6,0,18,3,1,80,2,5,2,2,1,0,0,0,3
33,8,1560,1,1,46,3,2,1,6392,2,0,13,3,4,80,1,8,6,1,2,2,2,2,1
30,1,1562,2,1,64,2,2,1,9714,1,0,11,3,4,80,1,10,4,3,10,8,6,7,1
38,10,1563,3,1,71,3,2,1,6077,3,0,11,3,3,80,0,10,2,3,6,3,1,2,3
35,1,1564,4,1,68,2,1,0,2450,1,0,19,3,2,80,0,3,3,3,3,0,1,2,1
30,29,1568,3,1,33,3,3,1,9250,3,0,12,3,2,80,1,9,3,3,4,2,1,3,2
35,2,1569,1,0,69,3,1,2,2074,1,1,12,3,4,80,1,1,2,3,1,0,0,0,1
53,2,1572,3,0,78,2,3,1,10169,0,0,16,3,2,80,1,34,4,3,33,7,1,9,4
38,2,1573,3,1,81,3,2,1,4855,4,0,11,3,1,80,2,7,2,3,5,2,1,4,2
32,1,1574,4,1,62,3,2,1,4087,4,0,14,3,2,80,1,9,3,2,6,5,1,2,1
48,15,1576,3,0,65,3,1,1,2367,8,0,12,3,4,80,1,10,3,2,8,2,7,6,1
34,7,1577,1,1,35,3,1,0,2972,1,0,13,3,3,80,0,1,4,1,1,0,0,0,4
55,26,1578,3,1,60,2,5,1,19586,1,0,21,4,3,80,1,36,3,3,36,6,2,13,4
34,1,1580,2,1,45,3,2,1,5484,9,0,17,3,2,80,1,9,3,2,2,2,2,1,4
26,3,1581,1,0,89,3,1,1,2061,1,0,21,4,1,80,0,1,5,3,1,0,0,0,4
38,14,1582,3,1,80,3,2,1,9924,0,0,11,3,4,80,1,10,3,3,9,8,7,7,2
38,16,1583,2,0,90,3,2,0,4198,2,0,12,3,2,80,0,8,5,4,3,2,1,2,2
36,1,1585,2,0,73,3,2,0,6815,6,0,13,3,1,80,0,15,5,3,1,0,0,0,3
29,3,1586,2,1,87,3,1,0,4723,1,1,18,3,4,80,0,10,3,3,10,9,1,5,1
35,10,1587,1,0,51,3,2,0,6142,3,1,16,3,3,80,0,10,4,3,5,2,0,4,3
39,6,1588,4,1,38,4,3,1,8237,2,0,11,3,1,80,1,11,3,3,7,6,7,6,3
29,2,1590,1,1,87,3,2,2,8853,1,0,19,3,4,80,1,6,0,4,6,4,1,3,4
50,9,1591,3,1,59,3,5,1,19331,4,1,16,3,3,80,1,27,2,3,1,0,0,0,3
23,10,1592,4,1,45,4,1,1,2073,2,0,16,3,4,80,1,4,2,3,2,2,2,2,3
36,6,1594,1,1,80,4,2,1,5562,3,1,13,3,4,80,1,9,3,3,3,2,0,2,1
42,9,1595,4,1,93,2,5,0,19613,8,0,22,4,4,80,0,24,2,3,1,0,0,1,4
35,28,1596,2,1,46,4,2,1,3407,1,0,17,3,4,80,2,10,3,2,10,9,6,8,3
34,10,1597,4,1,92,2,2,1,5063,1,0,14,3,2,80,1,8,3,2,8,2,7,7,3
40,14,1598,4,0,84,3,2,1,4639,1,0,15,3,3,80,1,5,2,3,5,4,1,2,1
43,27,1599,4,1,87,4,1,2,4876,5,0,12,3,3,80,1,8,0,3,6,4,0,2,2
35,7,1601,3,1,63,2,1,1,2690,1,0,18,3,4,80,1,1,5,2,1,0,0,1,4
46,1,1602,4,1,56,4,4,0,17567,1,0,15,3,2,80,0,27,5,1,26,0,0,12,1
28,24,1604,3,1,51,3,1,1,2408,1,1,17,3,3,80,3,1,3,3,1,1,0,0,2
22,26,1605,2,0,85,2,1,1,2814,1,1,14,3,2,80,0,4,2,2,4,2,1,3,3
50,20,1606,2,1,41,3,4,1,11245,2,1,15,3,3,80,1,32,3,3,30,8,12,13,3
32,5,1607,2,0,35,4,1,1,3312,3,0,17,3,4,80,2,6,3,3,3,2,0,2,4
44,7,1608,2,0,31,3,5,2,19049,0,1,14,3,4,80,1,23,4,2,22,7,1,10,4
30,7,1609,2,1,48,2,1,1,2141,1,0,12,3,2,80,1,6,3,2,6,4,1,1,2
45,5,1611,3,0,50,1,2,0,5769,1,1,14,3,1,80,0,10,3,3,10,7,1,4,1
45,26,1612,1,1,52,2,2,1,4385,1,0,15,3,1,80,1,10,2,3,10,7,4,5,1
31,2,1613,4,1,54,3,2,0,5332,7,0,13,3,4,80,0,10,3,3,5,2,0,3,1
36,12,1614,3,0,76,3,2,1,4663,9,1,12,3,2,80,2,7,2,3,3,2,1,1,3
34,10,1615,3,1,42,4,2,2,4724,1,0,13,3,1,80,1,9,3,3,9,7,7,2,4
49,25,1617,3,0,84,3,1,1,3211,1,0,14,3,4,80,1,10,3,2,9,6,1,4,1
39,10,1618,2,1,76,3,2,1,5377,2,0,13,3,4,80,3,10,3,3,7,7,7,7,1
27,19,1619,4,1,67,2,1,2,4066,1,0,11,3,1,80,2,7,3,3,7,7,0,7,1
35,18,1621,2,1,48,4,2,1,5208,1,0,11,3,4,80,0,16,2,3,16,15,1,10,1
28,27,1622,2,0,39,1,2,2,4877,0,0,21,4,2,80,1,6,5,2,5,3,0,0,1
21,5,1623,3,1,97,3,1,0,3117,1,0,18,3,3,80,0,3,2,3,2,2,2,2,4
18,3,1624,2,0,70,3,1,0,1569,1,1,12,3,3,80,0,0,2,4,0,0,0,0,4
47,26,1625,4,0,98,3,5,1,19658,3,0,11,3,3,80,1,27,2,3,5,2,1,0,3
39,3,1627,3,1,76,2,2,2,3069,0,0,15,3,4,80,1,11,3,3,10,8,0,7,3
40,15,1628,1,0,80,2,3,1,10435,1,0,13,3,4,80,2,18,2,3,18,15,14,12,3
35,8,1630,3,0,52,3,2,1,4148,1,0,12,3,4,80,1,15,5,3,14,11,2,9,3
37,19,1631,3,1,85,3,2,1,5768,3,0,17,3,1,80,3,9,2,2,4,3,0,2,3
39,4,1633,1,0,81,3,2,0,5042,0,0,13,3,4,80,0,10,2,1,9,2,3,8,3
45,2,1635,4,0,59,2,2,2,5770,1,0,19,3,1,80,2,10,3,3,10,7,3,9,4
38,2,1638,4,0,54,2,3,1,7756,3,1,19,3,4,80,1,10,6,4,5,4,0,2,3
35,10,1639,4,1,55,2,3,1,10306,9,0,17,3,3,80,0,15,3,3,13,12,6,0,1
37,10,1640,2,0,71,3,1,1,3936,1,0,11,3,1,80,1,8,2,1,8,4,7,7,2
40,16,1641,3,0,84,3,3,0,7945,6,1,15,3,4,80,0,18,2,2,4,2,3,3,4
44,1,1642,1,1,37,3,2,1,5743,4,1,11,3,3,80,0,14,3,3,10,7,0,2,4
48,4,1644,3,1,89,2,4,1,15202,2,0,25,4,2,80,1,23,3,3,2,2,2,2,4
35,15,1645,1,1,59,1,2,2,5440,6,1,14,3,4,80,2,7,2,2,2,2,2,2,4
24,2,1646,1,0,32,3,1,0,3760,1,1,13,3,3,80,0,6,2,3,6,3,1,3,4
27,8,1647,2,0,86,4,1,1,3517,7,0,17,3,1,80,0,5,0,3,3,2,0,2,3
27,2,1648,4,1,87,3,1,0,2580,2,0,13,3,3,80,0,6,0,2,4,2,1,2,4
40,7,1649,1,1,73,3,1,0,2166,3,1,14,3,2,80,0,10,3,1,4,2,0,3,1
29,10,1650,3,1,42,2,2,0,5869,9,0,11,3,3,80,0,8,2,3,5,2,1,4,3
36,5,1651,2,0,42,3,3,1,8008,4,0,12,3,3,80,2,9,6,3,3,2,0,2,1
25,2,1653,4,1,77,4,2,2,5206,1,0,17,3,3,80,2,7,6,3,7,7,0,7,3
39,12,1654,4,1,66,3,2,1,5295,4,0,21,4,3,80,0,7,3,3,5,4,1,0,2
49,22,1655,1,0,72,3,4,1,16413,3,0,16,3,2,80,2,27,2,3,4,2,1,2,2
50,17,1656,4,0,50,2,3,2,13269,5,0,15,3,3,80,3,19,3,3,14,11,1,11,1
20,2,1657,3,0,31,3,1,0,2783,1,0,19,3,1,80,0,2,3,3,2,2,2,2,3
34,3,1658,4,0,66,3,2,2,5433,1,0,12,3,3,80,1,11,2,3,11,8,7,9,2
36,7,1659,1,1,77,3,1,0,2013,2,0,11,3,3,80,0,15,4,3,4,3,1,3,2
49,6,1661,3,0,41,2,4,1,13966,2,1,19,3,2,80,1,30,3,3,15,11,2,12,3
36,1,1662,4,0,33,2,2,1,4374,0,0,15,3,3,80,0,4,6,3,3,2,1,2,3
36,3,1664,4,1,79,4,2,2,6842,6,0,20,4,1,80,1,13,3,3,5,4,0,4,1
54,22,1665,2,0,91,3,4,1,17426,3,0,25,4,3,80,1,36,6,3,10,8,4,7,3
43,15,1666,3,1,65,2,4,1,17603,1,0,24,4,1,80,1,14,3,3,14,10,6,11,3
35,12,1667,4,1,36,3,2,0,4581,3,1,24,4,1,80,0,13,2,4,11,9,6,7,4
38,1,1668,4,1,90,3,2,1,4735,7,0,15,3,4,80,2,19,4,4,13,11,2,9,4
29,5,1669,1,1,43,2,2,2,4187,1,1,13,3,2,80,1,10,3,2,10,0,0,9,2
33,2,1670,4,1,93,3,2,2,5505,1,0,14,3,3,80,2,6,5,3,6,2,0,4,4
32,2,1671,4,1,45,3,2,2,5470,0,0,13,3,3,80,2,10,4,2,9,5,1,6,2
31,5,1673,1,0,67,3,2,1,5476,1,0,11,3,1,80,2,10,2,3,10,0,0,2,4
49,16,1674,4,0,74,3,1,2,2587,4,1,16,3,2,80,1,17,2,2,2,2,2,2,1
38,2,1675,4,0,42,2,1,0,2440,1,0,22,4,2,80,0,4,3,3,4,3,3,3,2
47,2,1676,2,0,47,4,4,2,15972,6,0,14,3,3,80,3,29,2,3,3,2,1,2,2
49,1,1677,3,1,36,3,4,0,15379,4,0,14,3,1,80,0,23,2,3,8,7,0,0,3
41,23,1678,4,1,80,3,3,0,7082,3,1,16,3,4,80,0,21,2,3,2,0,0,2,3
20,9,1680,4,1,54,3,1,0,2728,1,0,11,3,1,80,0,2,3,3,2,2,0,2,1
33,16,1681,3,0,36,3,2,2,5368,1,1,25,4,3,80,1,7,2,3,6,5,1,2,4
36,26,1682,1,1,80,3,2,1,5347,6,0,14,3,2,80,2,10,2,2,3,2,0,2,3
44,1,1683,3,0,44,3,1,2,3195,4,1,18,3,1,80,3,8,2,3,2,2,2,2,4
23,8,1684,4,1,93,2,1,0,3989,1,1,11,3,1,80,0,5,2,3,5,4,1,2,3
38,4,1687,4,0,87,3,1,1,3306,7,0,19,3,4,80,1,7,5,2,0,0,0,0,3
53,24,1689,2,1,48,4,3,1,7005,3,0,15,3,3,80,0,11,2,3,4,3,1,2,4
48,7,1691,4,0,95,3,1,1,2655,2,1,11,3,3,80,2,19,3,3,9,7,7,7,3
32,2,1692,4,1,95,3,1,0,1393,1,0,12,3,1,80,0,1,2,3,1,0,0,0,2
26,7,1693,4,1,76,3,1,0,2570,1,0,20,4,3,80,0,7,5,3,7,7,5,7,4
55,22,1694,1,1,94,2,1,2,3537,5,0,12,3,4,80,1,8,1,3,4,2,1,2,2
34,5,1696,2,1,57,2,2,1,3986,1,0,14,3,3,80,1,15,3,4,15,10,4,13,4
60,1,1697,3,1,92,1,3,2,10883,3,0,20,4,3,80,1,19,2,4,1,0,0,0,4
33,21,1698,2,1,79,4,1,1,2028,1,0,18,3,4,80,3,14,6,3,14,11,2,13,2
37,1,1700,3,1,31,1,2,2,9525,1,0,14,3,3,80,2,6,2,2,6,3,1,3,4
34,19,1701,2,0,35,2,1,1,2929,1,0,12,3,2,80,0,10,3,3,10,9,8,7,4
23,7,1702,3,1,99,3,1,2,2275,1,1,21,4,2,80,1,3,2,3,3,2,0,2,4
44,2,1703,3,0,96,4,3,1,7879,1,1,19,3,2,80,1,9,2,3,8,7,6,7,4
35,2,1704,1,1,79,2,1,0,4930,0,1,14,3,3,80,0,6,2,4,5,4,1,4,4
43,2,1706,4,1,73,3,2,1,7847,1,1,17,3,1,80,1,10,3,3,10,9,8,8,4
24,9,1707,3,1,62,4,1,1,4401,1,0,16,3,4,80,1,5,1,3,5,3,0,4,3
41,6,1708,4,1,35,3,3,0,9241,1,0,12,3,2,80,0,10,3,3,10,8,8,7,3
29,9,1709,4,0,43,3,1,1,2974,9,0,17,3,3,80,1,9,2,3,5,3,1,2,3
36,2,1710,3,0,51,3,2,0,4502,3,0,15,3,3,80,0,17,2,2,13,7,6,7,4
45,1,1712,3,1,74,2,3,1,10748,3,0,23,4,4,80,1,25,3,2,23,15,14,4,3
24,22,1714,4,1,58,1,1,1,1555,1,0,11,3,3,80,1,1,2,3,1,0,0,0,3
47,9,1716,3,1,82,1,4,1,12936,7,0,11,3,3,80,0,25,3,1,23,5,14,10,3
26,17,1718,4,1,62,1,1,1,2305,1,0,15,3,3,80,3,3,3,4,3,2,0,2,3
45,28,1719,4,0,48,2,4,0,16704,1,0,11,3,3,80,0,21,2,3,21,6,8,6,2
32,10,1720,1,1,56,3,1,1,3433,6,0,13,3,1,80,1,10,3,2,5,2,1,3,3
31,2,1721,2,1,69,3,1,1,3477,1,0,14,3,4,80,1,6,2,4,5,2,0,3,3
41,4,1722,3,1,60,1,2,1,6430,6,0,19,3,2,80,1,10,4,3,3,2,1,2,2
40,8,1724,2,0,92,3,2,1,6516,2,1,16,3,2,80,1,18,3,3,1,0,0,0,1
24,29,1725,2,1,91,3,1,2,3907,1,0,13,3,2,80,3,6,2,4,6,2,1,2,1
46,13,1727,3,1,34,3,2,0,5562,6,0,14,3,4,80,0,19,3,3,10,7,0,9,2
35,27,1728,4,1,49,3,2,1,6883,2,0,16,3,2,80,1,17,3,3,7,7,0,7,3
30,16,1729,2,1,33,3,1,1,2862,1,0,12,3,2,80,1,10,2,2,10,0,0,8,4
47,2,1731,3,1,87,3,2,1,4978,7,0,11,3,4,80,1,4,3,1,1,0,0,0,2
46,2,1732,3,1,74,3,3,2,10368,4,1,12,3,2,80,1,13,5,2,10,6,0,3,4
36,13,1733,2,1,96,2,2,2,6134,5,1,13,3,2,80,3,16,3,3,2,2,2,2,1
32,1,1734,1,1,34,1,2,0,6735,6,0,15,3,2,80,0,10,2,3,0,0,0,0,2
23,4,1735,3,0,51,3,1,0,3295,1,0,13,3,3,80,0,3,3,1,3,2,1,2,2
31,24,1736,4,0,30,3,2,0,5238,2,0,20,4,4,80,0,9,3,2,5,4,1,4,4
39,1,1737,4,1,77,3,2,1,6472,1,1,15,3,4,80,1,9,2,3,9,8,5,8,4
32,19,1739,4,1,80,1,3,1,9610,3,0,13,3,3,80,1,10,2,1,4,3,0,2,3
40,7,1740,2,1,88,3,5,0,19833,1,0,14,3,2,80,0,21,3,2,21,8,12,8,2
45,4,1744,3,0,56,1,3,1,9756,4,0,21,4,3,80,2,9,2,4,5,0,0,3,3
30,2,1745,4,0,78,2,1,0,4968,0,0,16,3,4,80,0,10,2,3,9,7,0,7,1
24,10,1746,1,1,59,3,1,1,2145,0,0,14,3,4,80,1,3,2,3,2,2,2,1,4
30,8,1747,3,0,66,2,1,2,2180,6,0,11,3,3,80,1,6,0,2,4,2,1,2,4
31,5,1749,1,1,51,3,2,1,8346,1,0,19,3,3,80,1,6,3,3,5,2,0,2,3
27,8,1751,3,0,67,3,1,0,3445,1,0,11,3,3,80,0,6,5,2,6,2,1,4,4
29,9,1752,2,0,52,1,1,0,2760,1,0,13,3,3,80,0,2,3,3,2,2,2,2,2
29,1,1753,4,1,70,4,2,0,6294,8,1,12,3,4,80,0,10,5,4,3,2,0,2,3
30,15,1754,3,1,94,2,3,2,7140,2,0,11,3,1,80,1,12,2,3,7,7,1,7,1
34,2,1755,4,1,97,4,1,1,2932,0,1,14,3,1,80,3,6,3,3,5,0,1,2,4
33,2,1756,4,0,62,3,2,0,5147,8,0,15,3,4,80,0,13,2,2,11,7,1,7,2
49,11,1757,4,0,80,3,2,0,4507,3,0,12,3,3,80,0,8,1,4,5,1,0,4,4
33,16,1758,1,0,74,3,3,0,8564,2,1,20,4,3,80,0,11,2,2,0,0,0,0,1
38,2,1760,3,0,75,2,1,1,2468,4,0,14,3,2,80,1,9,4,2,6,1,0,5,2
31,16,1761,1,1,70,3,3,1,8161,2,0,13,3,1,80,3,10,2,3,1,0,0,0,3
29,4,1762,4,0,91,2,1,2,2109,1,0,13,3,3,80,1,1,2,3,1,0,0,0,1
30,16,1763,3,1,58,4,2,1,5294,3,0,16,3,3,80,1,10,3,3,7,0,1,7,3
32,5,1764,2,1,65,3,1,0,2718,2,0,14,3,2,80,0,12,3,3,7,7,0,7,2
38,18,1766,2,1,60,1,2,1,5811,3,1,16,3,3,80,1,15,2,3,1,0,1,0,4
43,17,1767,3,1,38,2,1,1,2437,9,1,16,3,4,80,1,6,4,3,1,0,0,0,3
42,12,1768,2,1,57,3,1,2,2766,8,0,22,4,2,80,3,7,6,2,5,3,0,4,2
55,2,1770,3,1,60,2,5,1,19038,8,0,12,3,2,80,3,34,2,3,1,0,0,0,1
33,4,1771,4,1,90,3,2,2,3055,5,0,15,3,4,80,2,11,2,2,9,8,1,7,2
41,9,1772,3,1,94,3,1,2,2289,1,0,20,4,2,80,2,5,2,3,5,3,0,4,1
34,10,1774,4,1,87,3,2,2,4001,1,1,14,3,3,80,1,15,3,3,15,14,0,7,3
53,1,1775,1,0,60,2,4,1,12965,4,1,20,4,4,80,3,27,2,2,3,2,0,2,3
43,2,1778,2,1,97,3,1,0,3539,0,0,13,3,2,80,0,10,5,3,9,7,1,8,4
34,3,1779,4,0,32,1,2,0,6029,5,0,12,3,1,80,0,6,3,3,2,2,2,2,4
21,7,1780,2,1,31,3,1,0,2679,1,0,13,3,2,80,0,1,3,3,1,0,1,0,2
38,6,1782,4,0,40,2,1,1,3702,1,0,11,3,2,80,1,5,3,3,5,4,0,4,3
22,8,1783,3,0,79,3,1,1,2398,1,1,17,3,3,80,0,1,6,3,1,0,0,0,1
31,29,1784,1,0,91,2,2,1,5468,1,0,14,3,1,80,2,13,3,3,12,7,5,7,4
51,3,1786,1,0,53,3,3,1,13116,2,0,11,3,4,80,0,15,2,3,2,2,2,2,3
37,9,1787,2,1,46,2,2,1,4189,1,0,14,3,1,80,2,5,2,3,5,2,0,3,2
46,2,1789,3,1,46,3,5,2,19328,7,1,17,3,3,80,1,24,3,3,2,1,2,2,4
36,10,1790,4,1,90,3,3,1,8321,7,1,13,3,4,80,1,15,1,3,12,8,5,7,1
44,1,1792,3,1,99,3,1,2,2342,1,1,12,3,3,80,3,6,2,2,5,3,2,3,2
37,8,1794,3,1,89,3,2,2,4071,2,0,13,3,3,80,0,19,4,2,10,0,4,7,2
35,27,1797,3,1,84,3,2,0,5813,1,1,18,3,4,80,0,10,2,3,10,7,7,7,4
33,8,1798,4,1,90,4,1,1,3143,6,0,19,3,2,80,1,14,1,3,10,8,7,6,1
28,1,1799,3,1,82,3,1,1,2044,1,0,11,3,3,80,1,5,6,4,5,3,0,3,4
39,10,1800,3,1,65,3,3,0,13464,7,0,21,4,3,80,0,9,3,3,4,3,2,2,3
46,26,1801,2,1,98,2,2,0,7991,8,0,15,3,3,80,0,6,3,3,2,2,2,2,2
40,2,1802,3,0,99,3,1,1,3377,4,0,17,3,4,80,1,7,5,2,4,3,0,2,1
42,13,1803,2,1,95,4,2,1,5538,5,0,18,3,3,80,2,10,2,2,0,0,0,0,1
35,2,1804,2,1,90,3,2,2,5762,2,0,14,3,3,80,1,15,6,3,7,7,1,7,4
38,2,1805,1,1,100,3,1,2,2592,5,0,13,3,4,80,3,13,3,3,11,10,3,8,2
34,9,1807,4,1,93,3,2,1,5346,4,0,17,3,3,80,1,11,3,2,7,1,0,7,1
37,10,1809,4,1,58,3,2,0,4213,1,0,15,3,2,80,0,10,4,1,10,3,0,8,1
39,20,1812,3,1,83,3,2,2,4127,2,0,18,3,4,80,1,7,6,3,2,1,2,2,4
43,9,1813,1,1,52,3,1,0,2438,4,0,13,3,3,80,0,7,2,2,3,2,1,2,3
41,5,1814,2,1,85,4,2,0,6870,3,0,12,3,1,80,0,11,3,1,3,2,1,2,2
41,4,1815,3,0,81,3,3,2,10447,0,1,13,3,4,80,1,23,3,4,22,14,13,5,3
30,10,1816,1,0,64,3,3,0,9667,9,0,14,3,2,80,0,9,3,3,7,7,0,2,3
26,20,1818,4,0,69,3,1,1,2148,0,1,11,3,3,80,0,6,3,3,5,1,1,4,2
46,21,1821,4,0,66,3,2,1,8926,4,0,22,4,4,80,1,13,2,4,9,7,3,7,2
40,1,1822,3,0,52,3,2,2,6513,4,0,17,3,4,80,1,12,3,3,5,3,0,3,4
34,8,1823,2,1,92,4,2,1,6799,1,0,21,4,3,80,2,10,5,3,10,8,4,8,3
58,2,1824,2,1,52,3,4,2,16291,4,0,22,4,4,80,1,37,0,2,16,9,14,14,2
35,23,1826,2,1,91,1,1,1,2705,0,0,16,3,2,80,1,6,2,4,5,4,0,3,3
47,4,1827,3,0,92,2,3,2,10333,8,1,12,3,3,80,1,28,4,3,22,11,14,10,2
40,12,1829,2,0,47,3,2,2,4448,2,0,12,3,2,80,1,15,3,3,7,4,7,7,1
54,7,1830,4,0,68,3,2,1,6854,4,0,15,3,2,80,1,14,2,2,7,1,1,7,4
31,7,1833,1,0,68,3,3,1,9637,2,0,14,3,4,80,2,9,3,3,3,2,2,2,1
28,1,1834,3,0,67,3,1,1,3591,1,0,25,4,3,80,1,3,3,3,3,2,1,2,1
38,2,1835,2,0,77,1,2,1,5405,2,1,20,4,1,80,2,20,4,2,4,2,0,3,4
26,10,1836,3,1,46,3,2,0,4684,1,0,13,3,1,80,0,5,4,3,5,3,1,2,4
58,15,1837,1,1,87,3,4,1,15787,2,1,14,3,2,80,0,23,3,3,2,2,2,2,3
18,14,1839,2,0,33,3,1,0,1514,1,0,16,3,3,80,0,0,4,1,0,0,0,0,3
31,18,1842,4,1,89,4,1,1,2956,0,0,17,3,3,80,0,2,4,3,1,0,0,0,1
29,13,1844,1,1,56,2,1,2,2335,4,1,15,3,4,80,3,4,3,3,2,2,2,0,1
45,2,1845,3,0,67,3,2,1,5154,4,0,22,4,2,80,2,10,3,4,8,7,5,7,3
36,2,1847,4,0,73,3,2,1,6962,4,1,22,4,4,80,1,15,2,3,1,0,0,0,2
43,2,1849,1,1,92,3,2,1,5675,1,0,20,4,3,80,1,7,5,3,7,7,7,7,4
27,5,1850,4,0,53,3,1,0,2379,0,1,14,3,3,80,0,6,3,2,5,4,0,2,4
29,20,1852,4,1,40,3,1,1,3812,1,0,13,3,2,80,0,11,3,4,11,8,3,10,4
32,10,1853,4,1,79,3,2,0,4648,8,0,13,3,3,80,0,4,2,4,0,0,0,0,4
42,10,1854,3,1,38,3,1,1,2936,3,0,22,4,2,80,2,10,1,2,6,3,3,3,3
47,9,1856,2,0,64,3,1,0,2105,4,0,12,3,3,80,0,7,2,3,2,2,2,0,3
46,2,1857,4,1,82,3,3,2,8578,3,0,14,3,3,80,1,12,4,2,9,8,4,7,4
28,1,1858,3,1,43,3,1,2,2706,1,0,15,3,2,80,1,3,2,3,3,2,2,2,4
29,29,1859,4,1,93,1,2,2,6384,8,0,17,3,4,80,2,11,3,3,7,0,1,6,3
42,8,1860,4,1,81,3,1,0,3968,4,0,13,3,4,80,0,8,3,3,0,0,0,0,3
32,2,1862,3,1,82,2,2,0,9907,7,1,12,3,3,80,0,7,3,2,2,2,2,2,2
46,3,1863,1,0,45,4,4,2,13225,2,0,12,3,4,80,1,25,5,3,19,17,2,8,1
27,23,1864,2,0,36,2,2,1,3540,1,0,21,4,4,80,1,9,5,3,9,8,5,8,3
29,6,1865,4,1,87,2,1,1,2804,1,0,11,3,4,80,0,1,3,3,1,0,0,0,2
43,6,1866,1,0,81,2,5,1,19392,7,0,13,3,4,80,0,21,2,3,16,12,6,14,3
48,10,1867,4,1,91,2,5,1,19665,4,0,12,3,4,80,0,29,3,3,22,10,12,9,2
29,24,1868,4,1,73,2,1,0,2439,1,1,24,4,2,80,0,1,3,2,1,0,1,0,4
46,10,1869,3,0,64,3,3,1,7314,5,0,21,4,3,80,3,14,2,3,8,7,0,7,2
27,15,1870,4,0,77,2,1,1,4774,0,0,19,3,4,80,1,8,2,2,7,6,7,3,1
39,19,1871,4,1,41,3,2,2,3902,8,0,14,3,2,80,3,7,2,3,2,2,2,2,4
55,2,1873,2,1,98,2,1,1,2662,8,0,20,4,2,80,1,19,2,4,5,2,0,4,4
28,3,1875,2,0,78,3,1,1,2856,1,0,19,3,4,80,1,1,3,3,1,0,0,0,2
30,9,1876,2,1,89,3,1,0,1081,1,0,13,3,3,80,0,1,3,2,1,0,0,0,4
22,7,1878,4,1,75,3,1,0,2472,1,1,23,4,1,80,0,1,2,3,1,0,0,0,2
36,10,1880,2,0,63,2,2,1,5673,1,1,13,3,1,80,1,10,4,3,10,9,1,7,3
31,20,1881,2,1,89,3,2,2,4197,1,0,11,3,1,80,1,10,2,3,10,8,0,2,3
34,4,1882,3,1,64,3,3,1,9713,2,1,13,3,4,80,3,9,3,3,5,3,1,0,4
29,7,1883,4,1,59,3,1,0,2062,3,0,14,3,2,80,0,11,2,3,3,2,1,2,1
37,7,1885,4,1,78,3,2,1,4284,5,1,22,4,3,80,1,16,2,3,5,3,0,4,1
35,16,1886,4,0,44,2,2,1,4788,0,1,11,3,4,80,0,4,2,3,3,2,0,2,2
45,25,1888,2,0,93,2,2,1,5906,0,0,13,3,4,80,2,10,2,2,9,8,3,8,4
36,2,1890,2,1,94,2,2,0,3886,1,0,21,4,4,80,0,10,2,2,10,1,0,8,4
40,1,1892,1,1,98,3,4,2,16823,2,0,11,3,1,80,1,22,3,3,19,7,11,16,1
26,1,1893,2,0,90,2,1,1,2933,1,1,13,3,3,80,1,1,3,2,1,0,1,0,3
27,2,1898,1,0,89,4,2,0,6500,0,0,14,3,2,80,0,9,5,2,8,7,0,7,3
48,22,1900,4,0,58,3,4,2,17174,3,0,11,3,2,80,1,24,3,3,22,17,4,7,4
44,1,1903,2,1,78,4,2,1,5033,2,0,15,3,4,80,1,10,5,3,2,0,2,2,1
34,16,1905,4,1,85,1,1,1,2307,1,1,23,4,2,80,1,5,2,3,5,2,3,0,1
56,24,1907,1,1,97,3,1,0,2587,1,0,16,3,4,80,0,5,3,3,4,2,1,0,4
36,17,1908,3,1,33,2,2,1,5507,2,0,16,3,3,80,2,12,1,1,4,2,1,3,2
41,8,1909,3,0,54,3,2,1,4393,5,0,21,4,3,80,1,14,3,3,5,4,1,4,2
42,6,1911,3,1,83,3,3,1,13348,9,0,13,3,2,80,1,18,3,4,13,7,5,7,1
31,10,1912,3,0,86,3,2,2,6583,2,1,11,3,4,80,1,8,2,3,5,2,1,4,4
34,3,1915,4,0,75,2,2,1,8103,3,1,12,3,3,80,0,9,3,2,4,2,0,1,4
31,4,1916,1,0,62,4,1,2,3978,8,0,12,3,2,80,1,4,0,2,2,2,2,2,3
26,6,1918,3,1,61,4,1,1,2544,0,0,18,3,1,80,1,8,3,3,7,7,7,7,4
45,1,1922,2,1,44,3,2,0,5399,4,0,12,3,3,80,0,12,3,3,4,2,0,3,3
33,10,1924,2,1,43,3,2,0,5487,1,0,14,3,2,80,0,10,2,2,10,4,0,9,3
28,1,1927,3,1,42,2,2,1,6834,1,1,12,3,3,80,1,7,2,3,7,7,0,7,4
29,24,1928,3,1,45,4,1,0,1091,1,0,17,3,4,80,0,1,3,3,1,0,0,0,1
39,21,1929,1,0,32,1,2,1,5736,6,0,19,3,3,80,1,10,1,3,3,2,1,2,3
27,2,1931,2,1,41,3,1,1,2226,1,0,11,3,3,80,1,6,3,2,5,3,1,2,2
34,22,1932,3,1,86,2,2,1,5747,1,1,15,3,2,80,0,16,3,3,15,10,6,11,4
28,13,1933,4,0,84,3,2,0,9854,3,1,11,3,4,80,0,6,0,3,2,0,2,2,3
47,14,1934,3,1,64,3,2,1,5467,8,0,18,3,3,80,1,16,4,4,8,7,1,7,2
56,11,1935,4,0,89,2,2,1,5380,4,0,16,3,3,80,1,6,3,3,0,0,0,0,1
39,9,1936,1,1,87,3,2,1,5151,1,0,25,4,4,80,1,10,3,3,10,0,7,9,1
38,8,1937,4,0,58,2,2,2,2133,1,1,16,3,3,80,1,20,3,3,20,11,0,7,2
58,21,1938,4,0,72,3,4,1,17875,4,1,13,3,3,80,1,29,2,2,1,0,0,0,4
32,5,1939,1,0,47,4,1,0,2432,3,1,14,3,1,80,0,8,2,3,4,1,0,3,3
38,9,1940,2,1,71,3,1,2,4771,2,0,19,3,4,80,2,10,0,4,5,2,0,3,4
49,2,1941,2,1,42,3,5,1,19161,3,0,15,3,4,80,0,28,3,3,5,4,4,3,4
42,12,1943,2,1,77,3,2,2,5087,3,1,12,3,3,80,2,14,4,3,0,0,0,0,4
27,22,1944,1,0,58,2,1,1,2863,1,0,12,3,1,80,0,1,2,3,1,0,0,0,2
35,18,1945,2,1,71,3,2,1,5561,0,0,16,3,4,80,1,6,2,1,5,3,0,4,1
28,16,1947,3,1,49,3,1,0,2144,1,0,14,3,3,80,0,5,3,2,5,3,1,4,3
31,3,1948,3,1,48,3,1,2,3065,1,1,13,3,4,80,1,4,3,4,4,2,2,3,1
36,9,1949,1,1,66,4,1,1,2810,1,0,22,4,2,80,0,5,3,3,5,4,0,2,2
34,1,1950,1,1,32,3,3,0,9888,1,0,21,4,1,80,0,14,3,2,14,8,2,1,4
34,13,1951,4,1,39,3,3,2,8628,1,0,18,3,3,80,1,9,2,2,8,7,1,1,3
26,1,1952,3,1,95,3,1,0,2867,0,0,13,3,4,80,0,8,6,2,7,7,7,6,1
29,1,1954,1,1,89,3,2,1,5373,0,0,12,3,1,80,1,6,5,2,5,3,0,2,1
32,15,1955,3,0,34,3,2,2,6667,5,0,18,3,2,80,1,9,6,3,5,1,1,2,4
31,1,1956,4,1,48,1,2,1,5003,1,0,21,4,2,80,0,10,6,3,10,8,8,7,1
28,17,1960,3,1,32,2,1,2,2367,5,0,12,3,1,80,1,6,2,2,4,1,0,3,4
38,1,1961,1,1,59,2,1,0,2858,4,0,14,3,1,80,0,20,3,2,1,0,0,0,1
35,7,1962,3,0,55,3,2,1,5204,1,1,11,3,4,80,0,10,2,3,10,8,0,9,4
27,9,1965,4,1,44,3,2,0,4105,1,0,14,3,1,80,0,7,5,3,7,7,0,7,4
32,5,1966,4,1,56,2,2,0,9679,8,0,24,4,2,80,0,8,1,3,1,0,0,0,4
31,26,1967,1,1,63,3,2,1,5617,1,1,11,3,3,80,0,10,4,3,10,7,0,8,4
53,24,1968,1,1,66,3,3,0,10448,6,1,13,3,2,80,0,15,2,2,2,2,2,2,1
54,9,1969,1,0,67,3,2,1,2897,3,0,11,3,3,80,2,9,6,2,4,3,2,3,3
33,7,1970,4,1,36,3,2,2,5968,1,0,20,4,3,80,3,9,2,3,9,7,2,8,3
43,11,1971,1,1,30,3,3,1,7510,1,0,17,3,2,80,1,10,1,3,10,9,0,9,3
38,1,1972,4,1,88,3,1,1,2991,0,1,11,3,2,80,1,7,2,3,6,2,1,2,2
55,26,1973,3,1,71,4,5,1,19636,4,1,18,3,1,80,1,35,0,3,10,9,1,4,2
31,2,1974,4,0,59,1,1,2,1129,1,1,11,3,3,80,3,1,4,3,1,0,0,0,4
39,15,1975,2,1,77,3,4,0,13341,0,0,12,3,1,80,0,21,3,3,20,8,11,10,1
42,23,1976,4,1,37,2,2,0,4332,1,0,12,3,4,80,0,20,2,3,20,9,3,7,3
31,10,1979,3,0,40,3,3,1,11031,4,0,20,4,3,80,1,13,2,4,11,7,4,8,3
54,10,1980,3,0,77,3,2,0,4440,6,1,19,3,4,80,0,9,3,3,5,2,1,4,1
24,1,1981,2,1,45,2,2,0,4617,1,0,12,3,2,80,0,4,2,2,4,3,1,2,3
23,12,1982,4,1,78,3,1,0,2647,1,0,13,3,3,80,0,5,6,4,5,2,1,4,4
40,11,1985,4,0,73,3,2,1,6323,1,0,11,3,1,80,1,10,2,4,10,9,9,4,3
40,2,1986,2,0,92,3,2,1,5677,3,0,14,3,3,80,1,15,4,3,11,8,5,10,2
25,2,1987,3,0,82,3,1,1,2187,4,0,14,3,3,80,0,6,3,3,2,0,1,2,2
30,1,1989,4,1,76,3,1,1,3748,1,0,13,3,3,80,0,12,6,2,12,8,1,7,2
25,2,1992,4,1,57,3,1,2,3977,6,1,19,3,3,80,1,7,2,2,2,2,0,2,3
47,25,1993,1,1,84,3,3,0,8633,2,0,23,4,2,80,0,25,3,3,17,14,12,11,3
33,1,1994,2,1,59,2,1,2,2008,1,0,12,3,3,80,3,1,2,2,1,1,0,0,3
38,1,1995,4,1,86,3,2,1,4440,0,0,15,3,1,80,2,16,3,3,15,13,5,8,2
31,2,1996,1,1,54,3,1,1,3067,0,0,19,3,3,80,1,3,1,3,2,2,1,2,3
38,6,1997,1,1,72,2,2,1,5321,2,0,11,3,4,80,1,10,1,3,8,3,7,7,3
42,18,1998,4,1,35,3,2,2,5410,6,1,17,3,3,80,1,9,3,2,4,3,1,2,1
41,1,1999,4,1,76,3,1,1,2782,3,0,22,4,1,80,1,12,3,3,5,3,1,0,4
47,1,2000,3,0,98,3,3,1,11957,0,0,18,3,1,80,2,14,3,1,13,8,5,12,2
35,11,2003,4,1,43,3,1,1,2660,7,1,11,3,3,80,1,5,3,3,2,2,2,2,3
22,1,2007,4,1,63,3,1,0,3375,0,0,12,3,4,80,0,4,2,4,3,2,1,2,3
35,9,2008,2,1,48,3,2,0,5098,1,0,19,3,2,80,0,10,5,3,10,7,0,8,3
33,15,2009,2,0,95,3,2,1,4878,0,1,13,3,1,80,1,10,6,3,9,7,8,1,4
32,29,2010,3,0,49,2,1,0,2837,1,0,13,3,3,80,0,6,3,3,6,2,4,1,2
40,1,2012,1,1,83,3,1,1,2406,8,0,19,3,3,80,2,8,3,2,1,0,0,0,4
32,1,2013,2,1,68,2,1,1,2269,0,0,14,3,2,80,1,3,2,3,2,2,2,2,2
39,24,2014,1,1,52,3,2,0,4108,7,0,13,3,1,80,0,18,2,3,7,7,1,7,4
38,10,2015,2,0,99,1,3,1,13206,3,0,12,3,1,80,1,20,3,3,18,16,1,11,3
32,1,2016,3,0,48,3,3,1,10422,1,0,19,3,3,80,2,14,3,3,14,10,5,7,4
37,10,2017,3,0,42,4,3,1,13744,1,1,25,4,1,80,1,16,2,3,16,11,6,8,4
25,8,2018,1,0,85,3,2,2,4907,0,1,22,4,2,80,1,6,3,2,5,3,0,4,3
52,29,2019,1,1,40,3,1,2,3482,2,0,15,3,2,80,2,16,3,2,9,8,0,0,4
44,1,2020,2,1,42,3,1,0,2436,6,1,12,3,3,80,0,6,2,3,4,3,1,2,4
21,5,2021,3,1,58,3,1,0,2380,1,1,11,3,4,80,0,2,6,3,2,2,1,2,1
39,9,2022,4,1,87,3,5,0,19431,2,0,13,3,3,80,0,21,3,2,6,0,1,3,4
23,9,2023,4,1,33,3,1,1,1790,1,0,19,3,1,80,1,1,3,2,1,0,1,0,1
36,3,2024,1,0,94,2,3,1,7644,0,0,19,3,3,80,2,10,2,3,9,7,3,4,4
36,4,2025,4,0,97,3,2,2,5131,7,0,13,3,2,80,3,18,3,3,4,2,0,2,2
56,1,2026,3,1,57,3,2,2,6306,1,0,21,4,1,80,1,13,2,2,13,12,1,9,3
29,1,2027,1,1,36,3,1,1,4787,9,1,14,3,2,80,3,4,3,4,2,2,2,2,4
42,2,2031,1,1,56,3,5,1,18880,5,0,11,3,1,80,0,24,2,2,22,6,4,14,3
56,7,2032,4,1,72,3,1,1,2339,8,0,11,3,4,80,1,14,4,1,10,9,9,8,3
41,28,2034,1,0,60,2,4,1,13570,0,0,23,4,3,80,1,21,3,3,20,7,0,10,2
34,28,2035,4,0,95,2,2,1,6712,1,0,21,4,4,80,2,8,2,3,8,7,1,7,3
36,15,2036,4,1,88,1,2,2,5406,1,0,24,4,1,80,1,15,4,2,15,12,11,11,4
41,3,2037,3,1,57,2,2,2,8938,2,0,11,3,3,80,1,14,5,3,5,4,0,4,2
32,2,2038,4,1,78,3,1,0,2439,1,0,14,3,4,80,0,4,4,3,4,2,1,2,1
35,26,2040,3,0,31,3,3,0,8837,1,1,16,3,3,80,0,9,2,3,9,0,1,7,4
38,10,2041,1,0,100,3,2,1,5343,1,0,11,3,3,80,1,10,1,3,10,7,1,9,4
50,1,2044,2,1,94,3,2,2,6728,7,0,12,3,4,80,2,12,3,3,6,3,0,1,3
36,11,2045,2,0,100,2,2,1,6652,4,0,13,3,1,80,1,8,2,2,6,3,0,0,4
45,20,2046,4,0,50,3,2,0,4850,8,0,15,3,3,80,0,8,3,3,5,3,0,1,3
40,2,2048,3,1,52,2,1,0,2809,2,0,14,3,4,80,0,8,2,3,2,2,2,2,3
35,18,2049,3,1,80,3,2,1,5689,1,1,14,3,4,80,2,10,2,4,10,2,0,2,3
40,2,2051,3,0,98,3,1,1,2001,2,0,14,3,2,80,3,20,2,3,5,3,0,2,3
35,1,2052,3,0,62,1,1,1,2977,1,0,12,3,4,80,1,4,5,3,4,3,1,1,4
29,13,2053,4,1,46,2,2,1,4025,4,1,13,3,1,80,1,10,2,3,4,3,0,3,2
29,28,2054,4,0,73,2,1,0,3785,1,0,14,3,2,80,0,5,3,1,5,4,0,4,1
50,28,2055,4,1,39,2,3,2,10854,4,1,13,3,2,80,1,20,3,3,3,2,2,0,1
39,24,2056,2,0,60,2,4,1,12031,0,0,11,3,1,80,1,21,2,2,20,9,9,6,4
31,5,2057,2,1,74,3,2,0,9936,0,0,19,3,2,80,0,10,2,3,9,4,1,7,1
26,5,2060,4,0,30,2,1,0,2966,0,0,18,3,4,80,0,5,2,3,4,2,0,0,3
36,23,2061,3,1,41,4,2,1,2571,4,0,17,3,3,80,1,17,3,3,5,2,0,3,4
39,6,2062,4,1,42,2,3,1,9991,4,0,15,3,1,80,1,9,5,3,7,7,1,7,1
27,4,2064,2,1,87,4,2,1,6142,1,1,20,4,2,80,1,6,0,3,6,2,0,3,2
49,2,2065,4,1,63,2,2,1,5390,2,0,14,3,4,80,0,17,3,2,9,6,0,8,2
34,8,2068,2,1,82,4,2,1,4404,2,0,12,3,1,80,0,6,3,4,4,3,1,2,3